phenomenon,unit,geo_nuts,2013,2012,2011,2010,2009,2008,2007,2006,2005,2004,2003,2002,2001,2000
GEN_HH,THS_T,AT,4031.68,4020.3,3947.2,3788.39,,,,,,,,,,
GEN_HH,THS_T,AT11,127.1,125.7,121.89,92.39,,,,,,,,,,
GEN_HH,THS_T,AT12,839.3,824,807.4,823.29,,,,,,,,,,
GEN_HH,THS_T,AT13,875.28,870.9,874.63,858.56,,,,,,,,,,
GEN_HH,THS_T,AT21,231.95,247,243.05,195.55,,,,,,,,,,
GEN_HH,THS_T,AT22,516.01,512.5,513.86,470.01,,,,,,,,,,
GEN_HH,THS_T,AT31,696.06,697.5,688.22,623.86,,,,,,,,,,
GEN_HH,THS_T,AT32,257.4,256,253.34,251.2,,,,,,,,,,
GEN_HH,THS_T,AT33,358.01,358,317.1,350.35,,,,,,,,,,
GEN_HH,THS_T,AT34,130.57,128.7,127.71,123.18,,,,,,,,,,
GEN_HH,THS_T,DE,36624,36721.8,,,,,,,,,,,,
GEN_HH,THS_T,DE11,1735.6,1735.5,,,,,,,,,,,,
GEN_HH,THS_T,DE12,1268.9,1256.5,,,,,,,,,,,,
GEN_HH,THS_T,DE13,988.7,1004.4,,,,,,,,,,,,
GEN_HH,THS_T,DE14,707.3,706.8,,,,,,,,,,,,
GEN_HH,THS_T,DE21,1972.8,1981.9,,,,,,,,,,,,
GEN_HH,THS_T,DE22,553.4,556.5,,,,,,,,,,,,
GEN_HH,THS_T,DE23,486.5,481.8,,,,,,,,,,,,
GEN_HH,THS_T,DE24,564,548.9,,,,,,,,,,,,
GEN_HH,THS_T,DE25,819.9,815.3,,,,,,,,,,,,
GEN_HH,THS_T,DE26,669.3,658.2,,,,,,,,,,,,
GEN_HH,THS_T,DE27,875.1,851.3,,,,,,,,,,,,
GEN_HH,THS_T,DE30,1389.6,1393,,,,,,,,,,,,
GEN_HH,THS_T,DE40,963.2,963.6,,,,,,,,,,,,
GEN_HH,THS_T,DE50,287,287.2,,,,,,,,,,,,
GEN_HH,THS_T,DE60,790,786.8,,,,,,,,,,,,
GEN_HH,THS_T,DE71,1734.4,1751.3,,,,,,,,,,,,
GEN_HH,THS_T,DE72,474.3,485.7,,,,,,,,,,,,
GEN_HH,THS_T,DE73,580.2,568.7,,,,,,,,,,,,
GEN_HH,THS_T,DE80,682.1,676.4,,,,,,,,,,,,
GEN_HH,THS_T,DE91,756.7,768.3,,,,,,,,,,,,
GEN_HH,THS_T,DE92,1136.7,1164,,,,,,,,,,,,
GEN_HH,THS_T,DE93,805.6,808.7,,,,,,,,,,,,
GEN_HH,THS_T,DE94,1208.2,1209,,,,,,,,,,,,
GEN_HH,THS_T,DEA1,2419.2,2453.4,,,,,,,,,,,,
GEN_HH,THS_T,DEA2,2056.9,2072.5,,,,,,,,,,,,
GEN_HH,THS_T,DEA3,1258.4,1286.9,,,,,,,,,,,,
GEN_HH,THS_T,DEA4,810.3,828.2,,,,,,,,,,,,
GEN_HH,THS_T,DEA5,1583.4,1616.8,,,,,,,,,,,,
GEN_HH,THS_T,DEB1,756.1,751.7,,,,,,,,,,,,
GEN_HH,THS_T,DEB2,261.3,259.1,,,,,,,,,,,,
GEN_HH,THS_T,DEB3,1024.7,1033.4,,,,,,,,,,,,
GEN_HH,THS_T,DEC0,487.6,458.6,,,,,,,,,,,,
GEN_HH,THS_T,DED2,515.2,516.4,,,,,,,,,,,,
GEN_HH,THS_T,DED4,455.3,453.4,,,,,,,,,,,,
GEN_HH,THS_T,DED5,329.6,327.2,,,,,,,,,,,,
GEN_HH,THS_T,DEE0,1009.6,1002.6,,,,,,,,,,,,
GEN_HH,THS_T,DEF0,1325.3,1346.9,,,,,,,,,,,,
GEN_HH,THS_T,DEG0,881.6,854.9,,,,,,,,,,,,
GEN_HH,THS_T,FR,,,29186.5,,,,,,,,,,,
GEN_HH,THS_T,FR10,,,4427.8,,,,,,,,,,,
GEN_HH,THS_T,FR21,,,572,,,,,,,,,,,
GEN_HH,THS_T,FR22,,,935.3,,,,,,,,,,,
GEN_HH,THS_T,FR23,,,899.3,,,,,,,,,,,
GEN_HH,THS_T,FR24,,,1105.4,,,,,,,,,,,
GEN_HH,THS_T,FR25,,,753.9,,,,,,,,,,,
GEN_HH,THS_T,FR26,,,718.1,,,,,,,,,,,
GEN_HH,THS_T,FR30,,,1973,,,,,,,,,,,
GEN_HH,THS_T,FR41,,,992.8,,,,,,,,,,,
GEN_HH,THS_T,FR42,,,819.4,,,,,,,,,,,
GEN_HH,THS_T,FR43,,,492.8,,,,,,,,,,,
GEN_HH,THS_T,FR51,,,1567,,,,,,,,,,,
GEN_HH,THS_T,FR52,,,1511.1,,,,,,,,,,,
GEN_HH,THS_T,FR53,,,838.8,,,,,,,,,,,
GEN_HH,THS_T,FR61,,,1611.2,,,,,,,,,,,
GEN_HH,THS_T,FR62,,,1171.2,,,,,,,,,,,
GEN_HH,THS_T,FR63,,,293.8,,,,,,,,,,,
GEN_HH,THS_T,FR71,,,2738.4,,,,,,,,,,,
GEN_HH,THS_T,FR72,,,574.6,,,,,,,,,,,
GEN_HH,THS_T,FR81,,,1379.4,,,,,,,,,,,
GEN_HH,THS_T,FR82,,,2764.1,,,,,,,,,,,
GEN_HH,THS_T,FR83,,,165.8,,,,,,,,,,,
GEN_HH,THS_T,FR91,,,211.5,,,,,,,,,,,
GEN_HH,THS_T,FR92,,,158,,,,,,,,,,,
GEN_HH,THS_T,FR93,,,89.1,,,,,,,,,,,
GEN_HH,THS_T,FR94,,,422.7,,,,,,,,,,,
GEN_HH,THS_T,HU,2716.88,2744.09,,,,,,,,,,,,
GEN_HH,THS_T,HU10,861.74,648.69,,,,,,,,,,,,
GEN_HH,THS_T,HU21,358.47,304.93,,,,,,,,,,,,
GEN_HH,THS_T,HU22,222.03,399.42,,,,,,,,,,,,
GEN_HH,THS_T,HU23,245.17,308.42,,,,,,,,,,,,
GEN_HH,THS_T,HU31,351.36,303.94,,,,,,,,,,,,
GEN_HH,THS_T,HU32,425.84,340.99,,,,,,,,,,,,
GEN_HH,THS_T,HU33,252.27,437.7,,,,,,,,,,,,
GEN_HH,THS_T,LT,896.034,,,,,,,,,,,,,
GEN_HH,THS_T,LT00,896,,,,,,,,,,,,,
GEN_HH,THS_T,MK,440,441,451,425,455,,,,,,,,,
GEN_HH,THS_T,MK00,440,441,451,425,455,,,,,,,,,
GEN_HH,THS_T,NL,7785,8131,8326,8373,8568,8721,8775,8637,8612,,,,,
GEN_HH,THS_T,NL11,281,298,302,301,308,313,321,320,316,,,,,
GEN_HH,THS_T,NL12,353,369,375,378,387,391,397,383,378,,,,,
GEN_HH,THS_T,NL13,265,272,282,283,285,290,286,288,295,,,,,
GEN_HH,THS_T,NL21,506,524,540,543,554,571,573,559,558,,,,,
GEN_HH,THS_T,NL22,911,951,972,973,995,1016,1026,1007,1006,,,,,
GEN_HH,THS_T,NL23,180,190,190,185,198,197,199,192,188,,,,,
GEN_HH,THS_T,NL31,581,604,611,610,622,639,645,626,624,,,,,
GEN_HH,THS_T,NL32,1244,1290,1320,1313,1338,1379,1379,1359,1353,,,,,
GEN_HH,THS_T,NL33,1603,1681,1713,1757,1798,1804,1790,1814,1802,,,,,
GEN_HH,THS_T,NL34,228,237,246,246,246,247,255,245,244,,,,,
GEN_HH,THS_T,NL41,1135,1196,1238,1245,1270,1301,1325,1283,1288,,,,,
GEN_HH,THS_T,NL42,498,519,537,539,567,573,579,561,560,,,,,
GEN_HH,THS_T,NO,1970.78,1916.5,,,,,,,,,,,,
GEN_HH,THS_T,NO01,438.89,433.9,,,,,,,,,,,,
GEN_HH,THS_T,NO02,156.86,159.71,,,,,,,,,,,,
GEN_HH,THS_T,NO03,429.08,405.85,,,,,,,,,,,,
GEN_HH,THS_T,NO04,298.83,286.89,,,,,,,,,,,,
GEN_HH,THS_T,NO05,320.25,305.31,,,,,,,,,,,,
GEN_HH,THS_T,NO06,158.77,164.94,,,,,,,,,,,,
GEN_HH,THS_T,NO07,168.1,159.9,,,,,,,,,,,,
GEN_HH,THS_T,RO,,3711.21,3813.16,4617.41,,,,,,,,,,
GEN_HH,THS_T,RO11,,367.01,362.78,630.39,,,,,,,,,,
GEN_HH,THS_T,RO12,,448.06,445.86,490.52,,,,,,,,,,
GEN_HH,THS_T,RO21,,547.01,516.99,608.45,,,,,,,,,,
GEN_HH,THS_T,RO22,,597.21,637.2,728.12,,,,,,,,,,
GEN_HH,THS_T,RO31,,567.06,544.95,543.17,,,,,,,,,,
GEN_HH,THS_T,RO32,,431.66,503.91,586.17,,,,,,,,,,
GEN_HH,THS_T,RO41,,389.78,406.98,520.81,,,,,,,,,,
GEN_HH,THS_T,RO42,,363.42,394.49,509.78,,,,,,,,,,
GEN_HH,THS_T,SI,535.73,545.13,583.12,610.13,637.81,643.41,653.13,623.19,608.48,,,,,
GEN_HH,THS_T,SI01,249.13,248.81,265.18,284.31,289.98,315.41,331.97,308.3,301.71,,,,,
GEN_HH,THS_T,SI02,286.6,296.32,317.94,325.82,347.83,328,321.16,314.89,306.77,,,,,
GEN_HH,THS_T,SK,1336.04,1349.79,1394.44,1418.89,1400.75,1413.1,1328.48,1294.17,1248.39,,,,,
GEN_HH,THS_T,SK01,189.96,188.08,204.01,209.85,203.39,208.06,197.14,193.21,196.42,,,,,
GEN_HH,THS_T,SK02,517.85,526.15,546.24,548.71,547.36,548.18,518.93,496.68,477.85,,,,,
GEN_HH,THS_T,SK03,298.25,308.15,312.31,321.27,318.97,320.69,301.12,304.36,293.29,,,,,
GEN_HH,THS_T,SK04,329.98,327.41,331.88,339.06,331.03,336.17,311.29,299.92,280.83,,,,,
RCV_E,THS_T,AT,1715.35,1692.41,1678.01,1636.21,1440.4,1357.01,1453.11,1429.5,1309.8,1379.95,,,,
RCV_E,THS_T,AT11,42.16,41.78,40.14,28.12,20,19.53,20.71,,,11.56,,,,
RCV_E,THS_T,AT12,334.18,321.69,327.72,317.11,289.15,278.03,285.12,,,291.02,,,,
RCV_E,THS_T,AT13,564.94,556.62,563.69,541.38,579.83,568.53,577.37,,,607.55,,,,
RCV_E,THS_T,AT21,120.99,119.74,118.9,111.79,108.4,99.73,97.41,,,56.58,,,,
RCV_E,THS_T,AT22,146.61,143.64,145.75,145.26,112.76,109,118.47,,,148.92,,,,
RCV_E,THS_T,AT31,265.63,273.37,250.18,238.28,172.39,165.88,225.33,,,174.86,,,,
RCV_E,THS_T,AT32,58.86,58.45,58.76,80.1,57.66,56.99,63.82,,,53.32,,,,
RCV_E,THS_T,AT33,143.88,142.49,138.63,141.71,77.34,36.16,42.72,,,27.99,,,,
RCV_E,THS_T,AT34,38.1,34.63,34.24,32.46,22.87,23.16,22.16,,,8.15,,,,
RCV_E,THS_T,BE,2076.11,1963.47,1915.26,1893.6,1842.62,1909.2,1330.79,1326.78,1188.3,1184.11,1108.22,1127.05,1101.13,1058.16
RCV_E,THS_T,BE10,315.4,320.99,315.98,305.74,335.69,399.1,405.58,411.193,429.8,360.11,360.22,385.05,389.13,395.16
RCV_E,THS_T,BE21,281.26,271.97,255.15,267,239,244,232,226,195,177,162,153,139,108
RCV_E,THS_T,BE22,118.97,118.98,119.48,118,120,119,115,114,89,107,86,73,71,68
RCV_E,THS_T,BE23,251.35,251.97,238.07,233,216,221,224,236,156,140,120,115,120,118
RCV_E,THS_T,BE24,172.29,171.53,165.81,154,153,157,162,155,146,149,133,132,128,107
RCV_E,THS_T,BE25,224.02,176.47,173.45,223,227,240,247,246,247,251,247,269,254,262
RCV_E,THS_T,BE31,86.37,76.71,77.03,74.72,66.99,70.2,,,,,,,,
RCV_E,THS_T,BE32,255.22,224.76,218.64,205.52,185.28,153.3,,,,,,,,
RCV_E,THS_T,BE33,222.68,198.75,198.51,188.72,200.88,202.86,,,,,,,,
RCV_E,THS_T,BE34,59.73,71.76,72.42,46.99,43.13,41.79,,,,,,,,
RCV_E,THS_T,BE35,88.82,79.58,80.72,76.91,55.65,60.95,,,,,,,,
RCV_E,THS_T,CH,,,2732,2757,2660,2830,2680,2660,2440,2513,2510,2531,2357,2199
RCV_E,THS_T,CY,0,0,0,0,0,0,0,0,0,0,0,0,0,0
RCV_E,THS_T,CY00,0,0,0,0,0,0,0,0,0,0,0,0,0,0
RCV_E,THS_T,CZ,,,607.22,494.95,369.95,367.47,388.68,390.62,379.75,402.89,399.2,398,,
RCV_E,THS_T,EE,214,46,0,0,1,1,2,1,0,0.16,0.21,0.24,0.47,0.13
RCV_E,THS_T,EE00,214,46,0,0,1,1,2,1,0,0.16,0.21,0.24,0.47,0.13
RCV_E,THS_T,ES,,,,,,2169.5,,,,,,,,
RCV_E,THS_T,FR,,,11798.2,13782.11,,12999.1,,12372.3,,12954.8,,11739.3,,10229.7
RCV_E,THS_T,FR10,,,3398.2,3874,,3867.3,,3572.8,,4074.3,,3716.4,,3537.5
RCV_E,THS_T,FR21,,,183.7,249.63,,258.5,,263.1,,156.9,,166.8,,160
RCV_E,THS_T,FR22,,,173.5,160.83,,162.8,,167.4,,75.9,,7.8,,9.3
RCV_E,THS_T,FR23,,,458.3,590.27,,596.3,,604.5,,542,,448.8,,351
RCV_E,THS_T,FR24,,,372.1,579.81,,544,,515.8,,528.1,,546.6,,298.1
RCV_E,THS_T,FR25,,,155.7,112.07,,92,,94.4,,113.1,,115,,117.6
RCV_E,THS_T,FR26,,,158.5,185,,189,,163,,181.1,,135,,150.4
RCV_E,THS_T,FR30,,,790.2,906.23,,754.1,,600.5,,729.9,,716,,355.4
RCV_E,THS_T,FR41,,,331.5,321.05,,326.1,,330.5,,329.3,,262.4,,155.9
RCV_E,THS_T,FR42,,,478.2,590.46,,601.3,,601.2,,590.7,,718.2,,676.2
RCV_E,THS_T,FR43,,,264.2,308.77,,306.8,,262.8,,264.3,,258,,190.7
RCV_E,THS_T,FR51,,,520.1,604.55,,589.1,,587,,550.6,,475.9,,429.2
RCV_E,THS_T,FR52,,,595.5,655.47,,669.1,,598.9,,691.2,,683.8,,673.6
RCV_E,THS_T,FR53,,,126.4,132.46,,135.3,,135.5,,146.9,,143.9,,134.8
RCV_E,THS_T,FR61,,,472.5,557.26,,560.4,,504.8,,611.4,,583.1,,526.1
RCV_E,THS_T,FR62,,,369.1,468.06,,457.3,,412.1,,400.3,,378,,242.6
RCV_E,THS_T,FR63,,,140.4,187.76,,187.4,,187.5,,204.3,,198.4,,187.5
RCV_E,THS_T,FR71,,,1074.8,1430.69,,1330.4,,1408.6,,1483,,1202,,1086.8
RCV_E,THS_T,FR72,,,37.2,58.68,,69.9,,55.5,,59.2,,58.2,,54.8
RCV_E,THS_T,FR81,,,501.2,509.52,,475.1,,475.6,,372.2,,184.6,,168
RCV_E,THS_T,FR82,,,1103.2,1186.62,,705.1,,705.8,,733,,740.4,,724.2
RCV_E,THS_T,FR83,,,4,0,,0,,0,,0,,0,,0
RCV_E,THS_T,FR91,,,0,9.2,,9.8,,8.9,,8.3,,,,
RCV_E,THS_T,FR92,,,88.5,103.72,,112,,116.1,,108.8,,,,
RCV_E,THS_T,FR93,,,0,0,,0,,0,,0,,,,
RCV_E,THS_T,FR94,,,1.2,0,,0,,0,,0,,,,
RCV_E,THS_T,HR,,,,,,5,,1,,,,,,
RCV_E,THS_T,HR03,0,0,0,,,,,,,,,,,
RCV_E,THS_T,HR04,0.7547,1.572,0.0007,,,,,,,,,,,
RCV_E,THS_T,HU,335.88,364.05,408.1,406.43,406.25,393.36,,,,0,0,0,0,0
RCV_E,THS_T,HU10,335.88,364.05,408.1,406.43,406.25,393.17,,,,,,,,
RCV_E,THS_T,HU21,0,0,0,0,0,0.11,,,,,,,,
RCV_E,THS_T,HU22,0,0,0,0,0,0.08,,,,,,,,
RCV_E,THS_T,HU23,0,0,0,0,0,0,,,,,,,,
RCV_E,THS_T,HU31,0,0,0,0,0,0,,,,,,,,
RCV_E,THS_T,HU32,0,0,0,0,0,0,,,,,,,,
RCV_E,THS_T,HU33,0,0,0,0,0,0,,,,,,,,
RCV_E,THS_T,IE,,,,59.74,110.95,81.58,0,0,0,0,0,0,0,0
RCV_E,THS_T,IE01,,,,0.69,,,,,,,,,,
RCV_E,THS_T,IE02,,,,59.05,,,,,,,,,,
RCV_E,THS_T,IT,,,,5375,4726,4341,3997.16,4082.24,3775.52,3468.36,3109.61,2508.81,2424.68,2066.14
RCV_E,THS_T,ITC1,185.04,109.43,163.67,,,,,,,,,,,
RCV_E,THS_T,ITC4,2220.49,2137.27,2121.11,,,,,,,,,,,
RCV_E,THS_T,ITF2,91.35,92.12,99.77,,,,,,,,,,,
RCV_E,THS_T,ITF3,672.94,623.46,610.32,,,,,,,,,,,
RCV_E,THS_T,ITF4,107.39,96.78,121.15,,,,,,,,,,,
RCV_E,THS_T,ITF5,30.34,29.81,22.99,,,,,,,,,,,
RCV_E,THS_T,ITF6,27.63,57.73,76.47,,,,,,,,,,,
RCV_E,THS_T,ITG2,127.63,140.04,141.05,,,,,,,,,,,
RCV_E,THS_T,ITH1,80.81,66.58,64.21,,,,,,,,,,,
RCV_E,THS_T,ITH3,354.15,381.01,311.73,,,,,,,,,,,
RCV_E,THS_T,ITH4,160.22,164.1,157.27,,,,,,,,,,,
RCV_E,THS_T,ITH5,991.57,954.45,988.78,,,,,,,,,,,
RCV_E,THS_T,ITI1,300.94,295.83,260.16,,,,,,,,,,,
RCV_E,THS_T,ITI2,,5.3,,,,,,,,,,,,
RCV_E,THS_T,ITI3,2.17,2.36,14.47,,,,,,,,,,,
RCV_E,THS_T,ITI4,386.37,372.76,358.58,,,,,,,,,,,
RCV_E,THS_T,LT,91.339,0,5.67,1,0.12,0.36,0.2,0,0,0,0,0,0,0
RCV_E,THS_T,LT00,91,0,6,1,0,0,0,0,0,0,0,0,0,0
RCV_E,THS_T,LU,123,121,124,123,121,124,123,120,117,122.18,119.17,122.15,120.89,123.12
RCV_E,THS_T,LU00,123,121,124,123,121,124,123,120,117,122,119,122,121,123
RCV_E,THS_T,LV,0,0,0,0,1,3,3,5,7,14.1,11.06,12.67,9.35,0
RCV_E,THS_T,LV00,0,0,0,0,1,3,3,5,7,14,11,13,9,0
RCV_E,THS_T,MK,0,0,0,0,0,0,,,,,,,,
RCV_E,THS_T,MK00,0,0,0,0,0,0,,,,,,,,
RCV_E,THS_T,MT,1,1,3,0,0,0,0,0,0,0,0,0,0,0
RCV_E,THS_T,MT00,1,1,3,0,0,0,0,0,0,0,0,0,0,0
RCV_E,THS_T,NL,4200,4405,3956,2842,850,869,0,0,0,3281,3194,3124,3181,3021
RCV_E,THS_T,NL11,153,163,147,108,33,33 bd,,,,22,22,19,37,27
RCV_E,THS_T,NL12,157,161,144,106,35,35 bd,0,0,0,1,1,3,4,3
RCV_E,THS_T,NL13,125,130,117,85,27,28 bd,0,0,0,9,16,6,9,30
RCV_E,THS_T,NL21,241,263,249,179,52,54 bd,0,0,0,181,209,195,204,230
RCV_E,THS_T,NL22,410,436,388,278,85,88 bd,0,0,0,204,210,274,225,189
RCV_E,THS_T,NL23,96,101,86,61,20,21 bd,0,0,0,97,95,111,94,100
RCV_E,THS_T,NL31,317,333,295,211,62,65 bd,0,0,0,298,309,368,361,358
RCV_E,THS_T,NL32,796,826,731,513,141,146 bd,0,0,0,721,711,738,768,744
RCV_E,THS_T,NL33,1087,1131,1002,722,202,201 bd,0,0,0,1032,1021,984,1017,967
RCV_E,THS_T,NL34,112,115,105,76,24,24 bd,0,0,0,92,76,41,38,35
RCV_E,THS_T,NL41,505,537,494,360,118,121 bd,0,0,0,441,361,259,298,213
RCV_E,THS_T,NL42,201,209,198,143,51,53 bd,0,0,0,183,163,126,126,125
RCV_E,THS_T,NO,898.87,857.3,1027.22,890.33,724.5,872.51,702.42,675.28,655.56,587.3,597.93,542.96,481.11,
RCV_E,THS_T,NO01,188.09,194.88,244.71,240.67,243.75,,,,,,,,,
RCV_E,THS_T,NO02,63.36,64.6,76.15,60.95,41.07,,,,,,,,,
RCV_E,THS_T,NO03,185.13,175.7,203.79,187.09,158.07,,,,,,,,,
RCV_E,THS_T,NO04,125.5,118.42,138.61,101.61,50.33,,,,,,,,,
RCV_E,THS_T,NO05,172.85,155.06,183.32,153.37,116.77,,,,,,,,,
RCV_E,THS_T,NO06,78.23,71.49,93.82,78.39,67.37,,,,,,,,,
RCV_E,THS_T,NO07,85.71,77.15,86.82,68.25,47.14,,,,,,,,,
RCV_E,THS_T,PL,562.96,0,,,,,,,,,,,,
RCV_E,THS_T,PL11,44.76,0,,,,,,,,,,,,
RCV_E,THS_T,PL12,122.28,0,,,,,,,,,,,,
RCV_E,THS_T,PL21,34.79,0,,,,,,,,,,,,
RCV_E,THS_T,PL22,11.73,0,,,,,,,,,,,,
RCV_E,THS_T,PL31,46.28,0,,,,,,,,,,,,
RCV_E,THS_T,PL32,15.46,0,,,,,,,,,,,,
RCV_E,THS_T,PL33,0.14,0,,,,,,,,,,,,
RCV_E,THS_T,PL34,7.73,0,,,,,,,,,,,,
RCV_E,THS_T,PL41,20.59,0,,,,,,,,,,,,
RCV_E,THS_T,PL42,26.65,0,,,,,,,,,,,,
RCV_E,THS_T,PL43,4.91,0,,,,,,,,,,,,
RCV_E,THS_T,PL51,105.38,0,,,,,,,,,,,,
RCV_E,THS_T,PL52,39.38,0,,,,,,,,,,,,
RCV_E,THS_T,PL61,7.17,0,,,,,,,,,,,,
RCV_E,THS_T,PL62,25.05,0,,,,,,,,,,,,
RCV_E,THS_T,PL63,50.66,0,,,,,,,,,,,,
RCV_E,THS_T,PT,1090.623,929.809,1088.266,1058.39,1082.84,992.95,947.91,978.08,1056.75,993.46,1002.01,943.93,,
RCV_E,THS_T,PT11,369.852,371.466,387.272,366.09,388.2,386.75,409.08,360.25,388.9,394.79,396.1,391.06,,
RCV_E,THS_T,PT15,0,0,0,0,0,0,0,0,0,0,0,0,,
RCV_E,THS_T,PT16,7.346,26.801,32.799,22.35,2.49,0,0,0,0,0,0,0,,
RCV_E,THS_T,PT17,614.597,422.039,546.18,541.64,567.9,482.51,416.41,494.33,548.2,481.96,495.8,523.66,,
RCV_E,THS_T,PT18,1.457,3.828,6.739,4.36,0.3,0,0,0,0,0,0,0,,
RCV_E,THS_T,PT20,0.006,0,0,0.02,0,0,0,0,0,0,0,0,,
RCV_E,THS_T,PT30,97.365,105.675,115.276,123.93,123.95,123.69,122.42,123.5,119.65,116.71,110.11,29.21,,
RCV_E,THS_T,RO,,88.78,46.56,20.66,,0,0,0,0,0,0,0,0,0
RCV_E,THS_T,RO11,,8.25,1,1.32,,0,0,0,0,0,0,0,0,0
RCV_E,THS_T,RO12,,11.71,2.3,1.68,,0,0,0,0,0,0,0,0,0
RCV_E,THS_T,RO21,,1.67,0.31,0.29,,0,0,0,0,0,0,0,0,0
RCV_E,THS_T,RO22,,0.64,0.5,0.21,,0,0,0,0,0,0,0,0,0
RCV_E,THS_T,RO31,,10.85,4.03,2.94,,0,0,0,0,0,0,0,0,0
RCV_E,THS_T,RO32,,0.04,10.86,8.48,,0,0,0,0,0,0,0,0,0
RCV_E,THS_T,RO41,,11.59,2.89,2.16,,0,0,0,0,0,0,0,0,0
RCV_E,THS_T,RO42,,44.03,24.67,3.58,,0,0,0,0,0,0,0,0,0
RCV_E,THS_T,RS,0,0,0,0,0,0,0,0,,,,,,
RCV_E,THS_T,SI,3.48,8.64,11.07,9.09,13.97,12.69,0.29,0.52,1.27,15.32,5.06,4.77,,
RCV_E,THS_T,SI01,2.62,8.48,5.36,2.9,4.58,2.2,0.22,0.27,0.15,2.66,0.42,0.15,,
RCV_E,THS_T,SI02,0.86,0.16,5.71,6.19,9.39,10.49,0.07,0.25,1.12,12.66,4.64,4.62,,
RCV_E,THS_T,SK,173.64,164.08,181.55,170.93,180.11,157.25,115.89,0.23,2.11,116.14,95.5,91.29,,
RCV_E,THS_T,SK01,107.65,113.42,130.19,118.96,117.99,111.68,115.38,0.01,0.01,115.61,94.89,89.59,,
RCV_E,THS_T,SK02,1.8,0.36,0.7,0.18,0.04,0.02,0.03,0.03,0.45,0.08,0.28,0.3,,
RCV_E,THS_T,SK03,0.07,0.14,0.21,0.33,0.13,0.16,0.45,0.15,1.63,0.1,0.2,0.6,,
RCV_E,THS_T,SK04,64.12,50.16,50.45,51.46,61.95,45.39,0.03,0.04,0.02,0.35,0.13,0.8,,
RCV_E,THS_T,TR,,,0,0,0,0,0,0,0,0,0,0,0,0
RCV_E,THS_T,TR10,,,0,0,0,0,0,0,0,0,0,0,0,0
RCV_E,THS_T,TR21,,,0,0,0,0,0,0,0,0,0,0,0,0
RCV_E,THS_T,TR22,,,0,0,0,0,0,0,0,0,0,0,0,0
RCV_E,THS_T,TR31,,,0,0,0,0,0,0,0,0,0,0,0,0
RCV_E,THS_T,TR32,,,0,0,0,0,0,0,0,0,0,0,0,0
RCV_E,THS_T,TR33,,,0,0,0,0,0,0,0,0,0,0,0,0
RCV_E,THS_T,TR41,,,0,0,0,0,0,0,0,0,0,0,0,0
RCV_E,THS_T,TR42,,,0,0,0,0,0,0,0,0,0,0,0,0
RCV_E,THS_T,TR51,,,0,0,0,0,0,0,0,0,0,0,0,0
RCV_E,THS_T,TR52,,,0,0,0,0,0,0,0,0,0,0,0,0
RCV_E,THS_T,TR61,,,0,0,0,0,0,0,0,0,0,0,0,0
RCV_E,THS_T,TR62,,,0,0,0,0,0,0,0,0,0,0,0,0
RCV_E,THS_T,TR63,,,0,0,0,0,0,0,0,0,0,0,0,0
RCV_E,THS_T,TR71,,,0,0,0,0,0,0,0,0,0,0,0,0
RCV_E,THS_T,TR72,,,0,0,0,0,0,0,0,0,0,0,0,0
RCV_E,THS_T,TR81,,,0,0,0,0,0,0,0,0,0,0,0,0
RCV_E,THS_T,TR82,,,0,0,0,0,0,0,0,0,0,0,0,0
RCV_E,THS_T,TR83,,,0,0,0,0,0,0,0,0,0,0,0,0
RCV_E,THS_T,TR90,,,0,0,0,0,0,0,0,0,0,0,0,0
RCV_E,THS_T,TRA1,,,0,0,0,0,0,0,0,0,0,0,0,0
RCV_E,THS_T,TRA2,,,0,0,0,0,0,0,0,0,0,0,0,0
RCV_E,THS_T,TRB1,,,0,0,0,0,0,0,0,0,0,0,0,0
RCV_E,THS_T,TRB2,,,0,0,0,0,0,0,0,0,0,0,0,0
RCV_E,THS_T,TRC1,,,0,0,0,0,0,0,0,0,0,0,0,0
RCV_E,THS_T,TRC2,,,0,0,0,0,0,0,0,0,0,0,0,0
RCV_E,THS_T,TRC3,,,0,0,0,0,0,0,0,0,0,0,0,0
RCV_E,THS_T,UKC1,,,236.68,149.77,158.94,,,,,,,,,
RCV_E,THS_T,UKC2,,,74.83,111.42,107.11,,,,,,,,,
RCV_E,THS_T,UKD1,,,3.09,0,2.52,,,,,,,,,
RCV_E,THS_T,UKD3,,,91.09,69.07,79.77,,,,,,,,,
RCV_E,THS_T,UKD4,,,1.94,0,0,,,,,,,,,
RCV_E,THS_T,UKE1,,,60.5,47.28,45.87,,,,,,,,,
RCV_E,THS_T,UKE2,,,0.1,0.09,0.09,,,,,,,,,
RCV_E,THS_T,UKE3,,,146.86,149.66,165.16,,,,,,,,,
RCV_E,THS_T,UKE4,,,167.79,133.07,125.87,,,,,,,,,
RCV_E,THS_T,UKF1,,,185.94,162.19,125.94,,,,,,,,,
RCV_E,THS_T,UKF2,,,91.27,43.09,21.61,,,,,,,,,
RCV_E,THS_T,UKF3,,,3.63,2.65,4.21,,,,,,,,,
RCV_E,THS_T,UKG1,,,60.36,71.98,63.33,,,,,,,,,
RCV_E,THS_T,UKG2,,,165.89,155.98,167.44,,,,,,,,,
RCV_E,THS_T,UKG3,,,687.74,684.51,698.6,,,,,,,,,
RCV_E,THS_T,UKH1,,,32.45,46.48,29.12,,,,,,,,,
RCV_E,THS_T,UKH2,,,99.61,61.41,52.18,,,,,,,,,
RCV_E,THS_T,UKH3,,,20.38,17.76,1.03,,,,,,,,,
RCV_E,THS_T,UKI1,,,981.88,677.33,599.24,,,,,,,,,
RCV_E,THS_T,UKI2,,,320.83,218.33,203.64,,,,,,,,,
RCV_E,THS_T,UKJ1,,,147.74,133.12,59.15,,,,,,,,,
RCV_E,THS_T,UKJ2,,,393.38,262.27,201.29,,,,,,,,,
RCV_E,THS_T,UKJ3,,,444.46,451.78,438.22,,,,,,,,,
RCV_E,THS_T,UKJ4,,,281.86,236.23,212.57,,,,,,,,,
RCV_E,THS_T,UKK1,,,112.77,58.25,35.39,,,,,,,,,
RCV_E,THS_T,UKK2,,,63.11,30.99,11.73,,,,,,,,,
RCV_E,THS_T,UKK3,,,0,0,0,,,,,,,,,
RCV_E,THS_T,UKK4,,,0.83,0.1,0.01,,,,,,,,,
RCV_E,THS_T,UKL1,,,61.16,45.2,42.67,,,,,,,,,
RCV_E,THS_T,UKL2,,,4.5,2.75,1.71,,,,,,,,,
RCV_E,THS_T,UKM2,,,60.11,59.9,56.59,,,,,,,,,
RCV_E,THS_T,UKM3,,,11.58,17.77,10.81,,,,,,,,,
RCV_E,THS_T,UKM5,,,0,0,0,,,,,,,,,
RCV_E,THS_T,UKM6,,,18.99,18.06,18.19,,,,,,,,,
RCV_E,THS_T,UKN0,,,0,0,0,,,,,,,,,
RCY_C_D,THS_T,AT,1626.56,1650.02,1578,1520.52,1553.21,1682.6,1661.14,2021.4,1917,1902.35,,,,
RCY_C_D,THS_T,AT11,44.78,45.83,44.03,33.52,31.23,35.25,45.12,,,43.31,,,,
RCY_C_D,THS_T,AT12,407.23,401,378.72,416.79,423.48,457.23,425.14,,,384.86,,,,
RCY_C_D,THS_T,AT13,274.96,278.26,279.4,273.81,301.58,313.87,334.37,,,457,,,,
RCY_C_D,THS_T,AT21,72.83,82.46,81.12,58.71,62.36,72.71,68.14,,,93.43,,,,
RCY_C_D,THS_T,AT22,190.89,186.29,187.76,169.4,169.88,194.05,185.78,,,227.89,,,,
RCY_C_D,THS_T,AT31,332.52,341.2,327.89,268.37,268.05,293.7,279.94,,,325.31,,,,
RCY_C_D,THS_T,AT32,94.17,92.5,92.38,102.71,98.59,110.93,112.25,,,138.22,,,,
RCY_C_D,THS_T,AT33,159.44,175.82,139.64,149.46,162.18,163.47,169.65,,,184.56,,,,
RCY_C_D,THS_T,AT34,49.74,46.66,47.06,47.75,35.86,41.39,40.75,,,47.77,,,,
RCY_C_D,THS_T,BE,1070.17,1083.06,1063.05,1137.54,1026.43,1047.57,1208.69,946.96,932.82,908.78,850.02,915.02,868.2,915.31
RCY_C_D,THS_T,BE10,16.81,16.04,14.96,15.23,14.56,14.72,12.97,12.63,13.55,13.11,9.72,6.09,0.29,0.21
RCY_C_D,THS_T,BE21,235.83,242.03,231.73,237,197,225,250,235,234,241,219,241,227,238
RCY_C_D,THS_T,BE22,147.57,144.09,149.41,158,163,148,150,137,132,144,132,141,135,148
RCY_C_D,THS_T,BE23,165.1,169.43,164.91,198,173,182,187,180,184,192,182,195,189,198
RCY_C_D,THS_T,BE24,99.03,90.81,91.55,118,94,96,100,100,96,105,102,112,112,114
RCY_C_D,THS_T,BE25,118.25,124.88,126.19,146,127,136,147,141,141,143,125,132,116,128
RCY_C_D,THS_T,BE31,26.95,28.31,25.52,23.81,24.65,24.51,,,,,,,,
RCY_C_D,THS_T,BE32,75.35,79.71,75.92,72.56,77.27,77.7,,,,,,,,
RCY_C_D,THS_T,BE33,86.89,85.06,83.05,73.27,64.39,58.96,,,,,,,,
RCY_C_D,THS_T,BE34,58.46,59.46,56.51,54.04,53.72,45.82,,,,,,,,
RCY_C_D,THS_T,BE35,39.93,43.24,43.3,41.63,37.84,38.86,,,,,,,,
RCY_C_D,THS_T,CH,,,851,930,930,930,930,885,770,746,740,728,650,641
RCY_C_D,THS_T,CY,49,58,48,26,0,0,0,0,0,0,0,0,0,0
RCY_C_D,THS_T,CY00,49,58,48,26,0,0,0,0,0,0,0,0,0,0
RCY_C_D,THS_T,CZ,,,73.76,75.72,55.71,50.19,30.44,23.1,15.58,16.65,,,,
RCY_C_D,THS_T,DE,9048,9088.6,9038.5,8773.4,9083.4,8729.1,8777,8378.1,8301.2,8367.6,,,,
RCY_C_D,THS_T,DE11,517.2,523.7,547.5,498.5,515.7,494,495.3,486.5,498.4,473.7,,,,
RCY_C_D,THS_T,DE12,387.9,364.8,333.9,327.5,343.5,317.8,321.3,304.3,311.3,292.6,,,,
RCY_C_D,THS_T,DE13,274.3,292.6,287.7,274.4,285.8,279.7,274.7,252,235.6,261.6,,,,
RCY_C_D,THS_T,DE14,199.6,204.8,203.2,194.1,206.6,194.1,193.4,186.5,189.1,185.6,,,,
RCY_C_D,THS_T,DE21,465.3,490.3,480,468,482,479,441,444,436,467,,,,
RCY_C_D,THS_T,DE22,199,208.4,211,204,216,204,198,191,187,182,,,,
RCY_C_D,THS_T,DE23,153.3,148.8,149,141,144,140,131,129,128,131,,,,
RCY_C_D,THS_T,DE24,210.2,215.7,213,209,211,201,208,200,206,219,,,,
RCY_C_D,THS_T,DE25,225.7,229.4,224,219,223,213,209,201,194,199,,,,
RCY_C_D,THS_T,DE26,249.4,246.6,245,244,247,243,239,240,227,238,,,,
RCY_C_D,THS_T,DE27,289.8,268.9,261,250,248,235,227,225,218,241,,,,
RCY_C_D,THS_T,DE30,134.5,126.5,126.2,114.6,126,109.5,120.7,118.3,113.8,99.2,,,,
RCY_C_D,THS_T,DE40,113.8,107.2,109.5,99.9,98.3,80.6,85.3,56.9,72.5,72,,,,
RCY_C_D,THS_T,DE50,55.6,57.8,57,56.6,59.4,58.1,59.4,56.8,55.8,57,,,,
RCY_C_D,THS_T,DE60,71.6,67.9,55.1,37.2,36.1,35,37.8,35.7,36.2,37.3,,,,
RCY_C_D,THS_T,DE71,437.2,448,451.1,455.8,459.1,432.4,426.8,415.9,401.5,416.9,,,,
RCY_C_D,THS_T,DE72,134.4,142,141.9,140.5,151.6,138.2,142.9,143.1,141.3,144.3,,,,
RCY_C_D,THS_T,DE73,190.5,174.7,175.2,182.8,178.3,171.6,172.9,163.3,162.5,166.6,,,,
RCY_C_D,THS_T,DE80,94.5,88.1,94.1,81.9,86.8,79,81,74.1,70.9,69.7,,,,
RCY_C_D,THS_T,DE91,188.8,196.3,199.6,190.4,200.3,199,204,182,179,196,,,,
RCY_C_D,THS_T,DE92,345.2,359.7,369.8,358.9,375.3,386,404,371,364,311,,,,
RCY_C_D,THS_T,DE93,207.6,210.6,209.1,198,196.9,204,188,179,174,174,,,,
RCY_C_D,THS_T,DE94,400.8,407.3,409.6,393.5,414.2,418,412,406,396,415,,,,
RCY_C_D,THS_T,DEA1,454.8,448.3,413.5,429.6,460.5,449.3,473.2,438.3,437.6,441.3,,,,
RCY_C_D,THS_T,DEA2,474.3,482,471.7,467.5,491.5,483.5,470.4,456.8,437.9,431.4,,,,
RCY_C_D,THS_T,DEA3,387,394.2,391.5,387.3,394.4,384.7,395.8,352.5,381.8,371.9,,,,
RCY_C_D,THS_T,DEA4,260.4,264.9,274.4,267.1,270.6,268.4,279.5,264.3,257.3,262.8,,,,
RCY_C_D,THS_T,DEA5,303.2,314.1,309,311.4,331.8,303.8,334.4,311.3,321.9,309.4,,,,
RCY_C_D,THS_T,DEB1,237.3,233.2,233.9,225.2,230.6,222.3,221.9,222.1,219,224.6,,,,
RCY_C_D,THS_T,DEB2,69.2,60.3,69.7,62.4,60.5,51.7,45.6,38.5,35.2,31.9,,,,
RCY_C_D,THS_T,DEB3,282.2,294.1,284.2,295.2,299.3,281.6,281,275.1,269,276.1,,,,
RCY_C_D,THS_T,DEC0,141.6,137.7,140.6,135.6,140.8,136.6,134.3,134.6,141.2,160.3,,,,
RCY_C_D,THS_T,DED2,99.1,101.8,104.1,105.2,111.8,103.9,114.7,108.2,104.6,98.1,,,,
RCY_C_D,THS_T,DED4,50.7,54.5,69.9,64.6,68.9,60.3,59.1,61.5,64.4,58.9,,,,
RCY_C_D,THS_T,DED5,45.7,45.1,46.7,43.9,42.3,42.7,43.4,38.5,48,46.1,,,,
RCY_C_D,THS_T,DEE0,241.9,244.3,240.8,224.7,240.5,219.2,220.1,207.7,183.1,181,,,,
RCY_C_D,THS_T,DEF0,268.7,265.1,265.8,254.1,268.4,258.1,278,279.4,269.4,280.5,,,,
RCY_C_D,THS_T,DEG0,185.7,168.9,169.2,160,166.6,151,153.1,127.9,132.9,143.8,,,,
RCY_C_D,THS_T,EE,20,19,35,33,43,28,17,23,11,8.2,7.88,4.17,11.08,1.51
RCY_C_D,THS_T,EE00,20,19,35,33,43,28,17,23,11,8.2,7.88,4.17,11.08,1.51
RCY_C_D,THS_T,ES,,,,,,6157.6,,,,,,,,
RCY_C_D,THS_T,FR,,,5644.6,6704.39,,5499.3,,5257.4,,4745.4,,4148.9,,3544.9
RCY_C_D,THS_T,FR10,,,474.6,558.57,,602.4,,582.2,,549.5,,597.2,,484.4
RCY_C_D,THS_T,FR21,,,83.1,126.45,,108.8,,92.5,,20.2,,9.3,,22.3
RCY_C_D,THS_T,FR22,,,250,344.92,,257.6,,213,,217.4,,212.5,,0
RCY_C_D,THS_T,FR23,,,268.3,202.8,,275.9,,248.4,,218.5,,209,,190.8
RCY_C_D,THS_T,FR24,,,283.4,402.27,,370.2,,360.8,,340.5,,292.8,,265
RCY_C_D,THS_T,FR25,,,197.6,214.25,,159.3,,127,,104.2,,68.7,,53.3
RCY_C_D,THS_T,FR26,,,155.5,232.7,,210.2,,201.7,,193.9,,121.6,,73.2
RCY_C_D,THS_T,FR30,,,406,585.9,,377.9,,440,,392.8,,344.2,,256.9
RCY_C_D,THS_T,FR41,,,167.8,318.99,,260.1,,226,,170.7,,104.2,,95.5
RCY_C_D,THS_T,FR42,,,172.9,254.1,,246,,237.9,,242.6,,229,,184.7
RCY_C_D,THS_T,FR43,,,79.8,47.19,,36.4,,49.3,,98.7,,47.1,,26.6
RCY_C_D,THS_T,FR51,,,381.7,320.55,,409.2,,389.1,,391.8,,337.1,,325.7
RCY_C_D,THS_T,FR52,,,598.7,360.26,,299.5,,318,,355,,375.5,,299.7
RCY_C_D,THS_T,FR53,,,244,437.09,,338.9,,277.2,,183.1,,134,,152.3
RCY_C_D,THS_T,FR61,,,348.1,380.97,,269.6,,227.9,,261.2,,261.7,,306.3
RCY_C_D,THS_T,FR62,,,179.5,249.66,,261.4,,227.6,,168.2,,84.1,,76.6
RCY_C_D,THS_T,FR63,,,32.9,60.46,,51.5,,52.6,,19,,9.8,,88.9
RCY_C_D,THS_T,FR71,,,445.1,581.47,,516.9,,434.4,,359.3,,365.7,,321.8
RCY_C_D,THS_T,FR72,,,99.8,67.43,,54.6,,77.9,,52.6,,20,,18.7
RCY_C_D,THS_T,FR81,,,302.7,303.4,,112.2,,201.2,,202.5,,148.2,,157
RCY_C_D,THS_T,FR82,,,323.3,536.74,,212,,219.1,,177.8,,177.2,,145.2
RCY_C_D,THS_T,FR83,,,5.8,5.75,,1.7,,1.5,,0,,0,,0
RCY_C_D,THS_T,FR91,,,7.6,18.9,,11.3,,0.3,,0.1,,,,
RCY_C_D,THS_T,FR92,,,13.7,13.53,,11,,9.9,,0,,,,
RCY_C_D,THS_T,FR93,,,6.5,8.92,,4.4,,4.4,,0,,,,
RCY_C_D,THS_T,FR94,,,116.2,71.12,,40.3,,37.5,,25.8,,,,
RCY_C_D,THS_T,HR,,,,,,32.21,,,,,,,,
RCY_C_D,THS_T,HR03,5.09,4.29,2.71,,,,,,,,,,,
RCY_C_D,THS_T,HR04,24.29,21.67,11.3,,,,,,,,,,,
RCY_C_D,THS_T,HU,187.34,182.86,183.47,147.82,89.61,85.22,,,,0,0,0,0,0
RCY_C_D,THS_T,HU10,50.07,47.83,54.1,33.28,28.4,30.42,,,,,,,,
RCY_C_D,THS_T,HU21,22.21,18.41,18.19,14.6,9.52,11.39,,,,,,,,
RCY_C_D,THS_T,HU22,38.28,33.41,38.48,32.66,5.28,2.83,,,,,,,,
RCY_C_D,THS_T,HU23,17.83,19.03,13.49,14.34,10.81,10.66,,,,,,,,
RCY_C_D,THS_T,HU31,9.27,12.96,9.08,10.76,3.79,2.33,,,,,,,,
RCY_C_D,THS_T,HU32,25.24,22.87,21.65,18.36,15.68,15.59,,,,,,,,
RCY_C_D,THS_T,HU33,24.44,28.35,28.48,23.82,16.13,12,,,,,,,,
RCY_C_D,THS_T,IE,,,,106.94,88.1,106.67,78.62,55.35,47.8,49.58,40,34,22,17
RCY_C_D,THS_T,IE01,,,,8.42,,,,,,,,,,
RCY_C_D,THS_T,IE02,,,,98.52,,,,,,,,,,
RCY_C_D,THS_T,IT,4319.32,4338.64,3980.27,3908,3490,3081.31,2599,2433,2185,1957.96,1796.15,1695.96,1727.18,1237.28
RCY_C_D,THS_T,ITC1,354.05,419.87,389.11,,,,,,,,,,,
RCY_C_D,THS_T,ITC2,5.51,5.55,5.46,,,,,,,,,,,
RCY_C_D,THS_T,ITC3,24.09,15.11,12.42,,,,,,,,,,,
RCY_C_D,THS_T,ITC4,948.44,1029.55,1006.83,,,,,,,,,,,
RCY_C_D,THS_T,ITF1,77.64,67.12,44.85,,,,,,,,,,,
RCY_C_D,THS_T,ITF2,17.62,8.36,6.82,,,,,,,,,,,
RCY_C_D,THS_T,ITF3,76.63,79.45,31.28,,,,,,,,,,,
RCY_C_D,THS_T,ITF4,174.11,169.21,136.44,,,,,,,,,,,
RCY_C_D,THS_T,ITF5,0,0,0,,,,,,,,,,,
RCY_C_D,THS_T,ITF6,28.82,39.2,46.93,,,,,,,,,,,
RCY_C_D,THS_T,ITG1,107.09,118.99,86.07,,,,,,,,,,,
RCY_C_D,THS_T,ITG2,205.14,191.01,170.59,,,,,,,,,,,
RCY_C_D,THS_T,ITH1,52.36,31,38.35,,,,,,,,,,,
RCY_C_D,THS_T,ITH2,39.92,14.64,11.61,,,,,,,,,,,
RCY_C_D,THS_T,ITH3,717.96,845.17,763.5,,,,,,,,,,,
RCY_C_D,THS_T,ITH4,202.26,174.13,103.08,,,,,,,,,,,
RCY_C_D,THS_T,ITH5,560.02,441.97,469.9,,,,,,,,,,,
RCY_C_D,THS_T,ITI1,336.78,316.52,275.22,,,,,,,,,,,
RCY_C_D,THS_T,ITI2,106.82,116.2,90.9,,,,,,,,,,,
RCY_C_D,THS_T,ITI3,115.01,113.31,111.69,,,,,,,,,,,
RCY_C_D,THS_T,ITI4,169.05,142.28,179.22,,,,,,,,,,,
RCY_C_D,THS_T,LT,94.68,51,23.46,19,16.07,14.71,22.02,11,10,10,0,0,0,0
RCY_C_D,THS_T,LT00,95,51,23,19,16,15,22,11,10,10,0,0,0,0
RCY_C_D,THS_T,LU,71,68,62,67,67,68,64,57,56,56.56,58.69,45.28,40.21,40.53
RCY_C_D,THS_T,LU00,71,68,62,67,67,68,64,57,56,57,59,45,40,41
RCY_C_D,THS_T,LV,40,13,8,4,2,5,5,5,1,7.7,2.22,0,2.99,0
RCY_C_D,THS_T,LV00,40,13,8,4,2,5,5,5,1,8,2,0,3,0
RCY_C_D,THS_T,MK,0,0,0,0,0,0,,,,,,,,
RCY_C_D,THS_T,MK00,0,0,0,0,0,0,,,,,,,,
RCY_C_D,THS_T,MT,12,10,9,0,0,0,6,28,18,29.15,23.41,15.61,30.64,29.24
RCY_C_D,THS_T,MT00,12,10,9,0,0,0,6,28,18,29,23,16,31,29
RCY_C_D,THS_T,NL,2296,2353,2360,2309,2393,2328,2399,2317,2425,2389,2294,2366,2262,2302
RCY_C_D,THS_T,NL11,96,98,97,91,101,97 bd,99,107,105,111,122,102,106,109
RCY_C_D,THS_T,NL12,140,145,144,139,140,136 bd,136,125,129,126,118,126,115,121
RCY_C_D,THS_T,NL13,124,124,132,122,127,120 bd,114,118,134,126,118,116,117,110
RCY_C_D,THS_T,NL21,176,162,161,155,163,157 bd,147,151,160,153,154,156,149,165
RCY_C_D,THS_T,NL22,333,338,333,335,341,334 bd,351,327,348,338,325,342,317,333
RCY_C_D,THS_T,NL23,40,41,38,38,42,40 bd,48,48,44,44,45,42,39,37
RCY_C_D,THS_T,NL31,155,165,168,163,174,162 bd,163,158,163,166,152,160,152,150
RCY_C_D,THS_T,NL32,258,262,262,249,262,257 bd,267,261,269,263,254,255,259,254
RCY_C_D,THS_T,NL33,294,305,306,299,312,308 bd,317,307,343,348,327,352,336,344
RCY_C_D,THS_T,NL34,70,73,72,69,73,73 bd,75,74,74,77,69,69,66,69
RCY_C_D,THS_T,NL41,441,462,464,459,465,457 bd,489,460,467,453,440,457,432,431
RCY_C_D,THS_T,NL42,169,178,183,190,193,187 bd,193,181,189,184,170,189,174,179
RCY_C_D,THS_T,NO,367.89,299.39,359.5,357.07,352.71,343.14,,,,,264.23,247.75,226.28,
RCY_C_D,THS_T,NO01,76.04,64.52,60.41,49.39,45.65,,,,,,,,,
RCY_C_D,THS_T,NO02,49.22,36.61,48.98,52.93,55.54,,,,,,,,,
RCY_C_D,THS_T,NO03,90.68,65.21,85.87,79.93,85.6,,,,,,,,,
RCY_C_D,THS_T,NO04,79.74,68.98,75.97,68.51,69.51,,,,,,,,,
RCY_C_D,THS_T,NO05,43.7,34.69,39.53,43.04,34.4,,,,,,,,,
RCY_C_D,THS_T,NO06,0,0,15.81,25.8,27.2,,,,,,,,,
RCY_C_D,THS_T,NO07,28.51,29.38,32.93,37.47,34.81,,,,,,,,,
RCY_C_D,THS_T,PL,1230.52,1128.37,950.99,789.82,672.47,385.57,362.84,357.54,317.93,234.13,128.96,214.8,309.03,248.33
RCY_C_D,THS_T,PL11,65.49,275.79,162.54,61.31,46.32,22.3,20.61,12.18,4.48,3.76,2.73,7.57,7.11,5.67
RCY_C_D,THS_T,PL12,133.62,133.65,169.55,197.98,197.99,126.28,120.43,122.46,140.32,70.51,57.09,60.45,135.39,133.78
RCY_C_D,THS_T,PL21,28.62,62.73,54.99,44.64,29.11,13.03,13.35,9.6,4.89,5.11,3.76,4.25,7.47,0.56
RCY_C_D,THS_T,PL22,101.35,101.23,123.01,116.94,116.56,96.78,84.63,68.38,59.24,46.9,11.05,59.68,49.6,41.81
RCY_C_D,THS_T,PL31,20.55,25.15,14.29,10.28,13.36,9.26,6.39,7.26,1.69,,,,,0
RCY_C_D,THS_T,PL32,27.66,9.11,7.16,2.7,1.95,1.02,0.17,0.07,,,0.18,0.05,0.01,0
RCY_C_D,THS_T,PL33,22.4,2.36,10.02,2.76,1.49,0.36,0.08,0.27,0.1,0.1,0.11,,0.34,0.23
RCY_C_D,THS_T,PL34,2.98,39.03,40.49,24.39,31.58,6.84,26.53,35.66,41.52,49.85,17.63,7.26,32.44,18.16
RCY_C_D,THS_T,PL41,60.78,54.9,37.59,52.36,36.13,9.21,6.93,10.8,1.9,3.3,0.32,0.44,2.82,2.97
RCY_C_D,THS_T,PL42,149.5,49.88,51.54,36.48,30.6,17.27,25.75,28.11,23.97,21.11,4.06,6.58,16.7,15.15
RCY_C_D,THS_T,PL43,60.7,62.99,37.25,41.37,41.56,20.54,21.37,22.22,19.04,20.2,4.68,30.64,30.34,29.69
RCY_C_D,THS_T,PL51,160.09,75.18,66.01,72.8,65.49,32.24,13.61,12.49,5.15,2.1,13.76,20.31,19.36,0.02
RCY_C_D,THS_T,PL52,51.54,13.55,5.84,2.03,9.58,0.86,0.45,0.37,0.02,0.02,0.15,0.16,0.01,0.23
RCY_C_D,THS_T,PL61,140.76,69.77,69.05,60.9,20.9,7.23,7.95,18.43,14.75,10.79,12.62,17.41,7.44,0.06
RCY_C_D,THS_T,PL62,74.35,30.37,2.03,1.55,1.67,2.26,1.09,0.83,,0.03,0.3,,,0
RCY_C_D,THS_T,PL63,130.13,122.68,99.63,61.33,28.18,20.09,13.5,8.41,0.86,0.35,0.52,,,0
RCY_C_D,THS_T,PT,593,693.833,446.594,398.6,423.53,382.03,321.05,301.9,313.4,308.12,286.24,134.71,,
RCY_C_D,THS_T,PT11,152.013,135.522,116.319,126.46,163.34,146.37,144.09,151.29,157.89,137.67,126.42,43.54,,
RCY_C_D,THS_T,PT15,13.307,16.173,13.092,10.26,10.36,10.28,3.5,7.58,4.14,0,0,0,,
RCY_C_D,THS_T,PT16,279.333,216.533,48.568,16.29,26.94,29.03,23.62,26.14,27.35,35.95,33.8,18.47,,
RCY_C_D,THS_T,PT17,108.152,280.028,244.637,219.86,201.91,191.5,145.02,113.6,120.97,131.15,126.02,43.09,,
RCY_C_D,THS_T,PT18,33.363,41.169,18.17,21.75,15.86,0,0,0,0.1,0,0,0,,
RCY_C_D,THS_T,PT20,6.832,4.408,5.808,3.98,1.81,1.48,1.47,0,0,0,0,0,,
RCY_C_D,THS_T,PT30,0,0,0,0,3.31,3.37,3.35,3.29,2.95,3.35,0,29.61,,
RCY_C_D,THS_T,RO,,579.92,436.13,649.53,,2.9,2.34,0.33,0.22,0.22,0.42,0,0,0
RCY_C_D,THS_T,RO11,,51.87,32.43,46.64,,0.2,,,,,,,,
RCY_C_D,THS_T,RO12,,80,45.12,73.73,,0,,,,,,,,
RCY_C_D,THS_T,RO21,,106.41,80.23,114.49,,2.7,,,,,,,,
RCY_C_D,THS_T,RO22,,65.38,42.14,92.35,,0,,,,,,,,
RCY_C_D,THS_T,RO31,,108.75,83.87,104.46,,0,,,,,,,,
RCY_C_D,THS_T,RO32,,6.4,16.47,1.35,,0,,,,,,,,
RCY_C_D,THS_T,RO41,,127.12,109.19,166.58,,0,,,,,,,,
RCY_C_D,THS_T,RO42,,33.99,26.68,49.93,,0,,,,,,,,
RCY_C_D,THS_T,RS,0,0,0,0,0,0,0,0,,,,,,
RCY_C_D,THS_T,SI,40.35,42.38,45.48,21.59,19.88,17.14,,,,,13.05,11.29,,
RCY_C_D,THS_T,SI01,14.78,15.63,23.74,0.01,0.03,2.08,,,,,1.06,2.29,,
RCY_C_D,THS_T,SI02,25.57,26.75,21.74,21.58,19.85,15.06,,,,,11.99,9,,
RCY_C_D,THS_T,SK,120.2,122.77,99.84,90.73,88.92,80.16,76.09,51.57,20.85,40.9,40.66,39.31,,
RCY_C_D,THS_T,SK01,19.66,15.08,17.49,22.14,21.77,22.42,12.63,6.92,8.47,3.68,5.52,7.7,,
RCY_C_D,THS_T,SK02,51.83,58.95,47.69,41.08,43.91,34.37,30.7,22.42,6.93,19.15,19.11,13.2,,
RCY_C_D,THS_T,SK03,26.47,28.28,17.72,16.39,11.11,10.91,10.35,5.86,2.39,10.21,8.99,9.9,,
RCY_C_D,THS_T,SK04,22.24,20.46,16.94,11.12,12.13,12.46,22.41,16.37,3.06,7.86,7.04,8.51,,
RCY_C_D,THS_T,TR,,,,194.45,315,275.74,333.65,254.93,338.77,350.74,325.94,383.12,218.08,239
RCY_C_D,THS_T,TR10,,127.42,,140.16,,139.35,,138.97,,151.16,200.59,199.53,0,0
RCY_C_D,THS_T,TR21,,0,,0,,0,,0,,0,0,0,0,
RCY_C_D,THS_T,TR22,,0.43,,0,,0,,0,,0,0,0,0,
RCY_C_D,THS_T,TR31,,0,,0,,64.5,,62.95,,111.62,67.59,137.47,166.02,
RCY_C_D,THS_T,TR32,,1.34,,2.18,,0.54,,0,,1.22,0.54,0,0,0
RCY_C_D,THS_T,TR33,,0,,0,,0,,0,,0,0,0,0,
RCY_C_D,THS_T,TR41,,0,,0,,0,,0,,0,0,0,0,
RCY_C_D,THS_T,TR42,,0,,0,,0,,0,,0,0,0,0,
RCY_C_D,THS_T,TR51,,0,,0,,0,,0,,0,0,0,0,
RCY_C_D,THS_T,TR52,,0,,0,,0,,0,,0,0,0,0,
RCY_C_D,THS_T,TR61,,25.46,,52.11,,71.35,,53.02,,47.16,20.72,24.46,32.98,
RCY_C_D,THS_T,TR62,,0,,0,,0,,0,,39.59,36.5,21.66,19.08,
RCY_C_D,THS_T,TR63,,0,,0,,0,,0,,0,0,0,0,
RCY_C_D,THS_T,TR71,,0,,0,,0,,0,,0,0,0,0,
RCY_C_D,THS_T,TR72,,0,,0,,0,,0,,0,0,0,0,
RCY_C_D,THS_T,TR81,,0,,0,,0,,0,,0,0,0,0,
RCY_C_D,THS_T,TR82,,0,,0,,0,,0,,0,0,0,0,
RCY_C_D,THS_T,TR83,,0,,0,,0,,0,,0,0,0,0,
RCY_C_D,THS_T,TR90,,0,,0,,0,,0,,0,0,0,0,
RCY_C_D,THS_T,TRA1,,0,,0,,0,,0,,0,0,0,0,
RCY_C_D,THS_T,TRA2,,0,,0,,0,,0,,0,0,0,0,
RCY_C_D,THS_T,TRB1,,0,,0,,0,,0,,0,0,0,0,
RCY_C_D,THS_T,TRB2,,0,,0,,0,,0,,0,0,0,0,
RCY_C_D,THS_T,TRC1,,0,,0,,0,,0,,0,0,0,0,
RCY_C_D,THS_T,TRC2,,0,,0,,0,,0,,0,0,0,0,
RCY_C_D,THS_T,TRC3,,0,,0,,0,,0,,0,0,0,0,
RCY_C_D,THS_T,UKC1,,,71.31,62.78,62.05,,,,,,,,,
RCY_C_D,THS_T,UKC2,,,79.41,72.79,188.34,,,,,,,,,
RCY_C_D,THS_T,UKD1,,,53.6,53.76,52.75,,,,,,,,,
RCY_C_D,THS_T,UKD3,,,184.88,129.93,143.13,,,,,,,,,
RCY_C_D,THS_T,UKD4,,,110.87,107.23,107.46,,,,,,,,,
RCY_C_D,THS_T,UKE1,,,101.87,92.71,76.89,,,,,,,,,
RCY_C_D,THS_T,UKE2,,,84.21,80.31,80.56,,,,,,,,,
RCY_C_D,THS_T,UKE3,,,71.65,84.93,90.96,,,,,,,,,
RCY_C_D,THS_T,UKE4,,,135.85,142.98,128.12,,,,,,,,,
RCY_C_D,THS_T,UKF1,,,161.34,185.38,178.46,,,,,,,,,
RCY_C_D,THS_T,UKF2,,,172.9,169.71,167.68,,,,,,,,,
RCY_C_D,THS_T,UKF3,,,75.82,77.73,73.99,,,,,,,,,
RCY_C_D,THS_T,UKG1,,,102.06,109.69,105.67,,,,,,,,,
RCY_C_D,THS_T,UKG2,,,188.63,193.67,183.91,,,,,,,,,
RCY_C_D,THS_T,UKG3,,,168.45,175.47,183.52,,,,,,,,,
RCY_C_D,THS_T,UKH1,,,235.41,240.86,228.67,,,,,,,,,
RCY_C_D,THS_T,UKH2,,,178.49,170.74,161.65,,,,,,,,,
RCY_C_D,THS_T,UKH3,,,175.55,163.94,134.93,,,,,,,,,
RCY_C_D,THS_T,UKI1,,,90.96,85.72,42.58,,,,,,,,,
RCY_C_D,THS_T,UKI2,,,237.32,225.05,253,,,,,,,,,
RCY_C_D,THS_T,UKJ1,,,215.67,196.83,173.56,,,,,,,,,
RCY_C_D,THS_T,UKJ2,,,228.96,203.73,191.22,,,,,,,,,
RCY_C_D,THS_T,UKJ3,,,112.44,105.7,113.58,,,,,,,,,
RCY_C_D,THS_T,UKJ4,,,122.54,112.37,99.3,,,,,,,,,
RCY_C_D,THS_T,UKK1,,,207.06,195.89,177.84,,,,,,,,,
RCY_C_D,THS_T,UKK2,,,131.72,126.85,128.9,,,,,,,,,
RCY_C_D,THS_T,UKK3,,,31.69,33.57,32.43,,,,,,,,,
RCY_C_D,THS_T,UKK4,,,116.39,125.8,114.48,,,,,,,,,
RCY_C_D,THS_T,UKL1,,,171.53,157.57,134.51,,,,,,,,,
RCY_C_D,THS_T,UKL2,,,119.45,106.47,98.35,,,,,,,,,
RCY_C_D,THS_T,UKM2,,,193.01,174.92,175.61,,,,,,,,,
RCY_C_D,THS_T,UKM3,,,165.51,193.19,188.71,,,,,,,,,
RCY_C_D,THS_T,UKM5,,,25.56,23.41,23.06,,,,,,,,,
RCY_C_D,THS_T,UKM6,,,37.24,43.44,46.34,,,,,,,,,
RCY_C_D,THS_T,UKN0,,,150.51,143.54,128.59,,,,,,,,,
RCY_M,THS_T,AT,1202.4,1167.99,1145.61,1272,1492,1476.1,1317.91,1258.5,1179.7,1116.04,,,,
RCY_M,THS_T,AT11,46.8,43.77,42.87,38.7,43.91,44.66,46.9,,,32.47,,,,
RCY_M,THS_T,AT12,223,221.89,219.09,247.72,286.54,280.27,249.6,,,211.58,,,,
RCY_M,THS_T,AT13,192.88,189.97,188.8,212.94,250.06,254.86,232.72,,,191.85,,,,
RCY_M,THS_T,AT21,70.99,74.48,72.79,64.86,81.82,80.17,71.94,,,57.08,,,,
RCY_M,THS_T,AT22,183.69,184.95,182.52,193.16,230.18,231.3,199.44,,,172.71,,,,
RCY_M,THS_T,AT31,232.83,215.19,213.78,236.76,273.93,273.76,234.44,,,208.33,,,,
RCY_M,THS_T,AT32,76.75,75.48,73.22,86.67,101.86,102.05,86.91,,,73.11,,,,
RCY_M,THS_T,AT33,119.29,102.75,93.91,132.73,161.54,146.61,137.69,,,119.4,,,,
RCY_M,THS_T,AT34,56.17,59.51,58.63,58.46,62.16,62.42,58.27,,,49.51,,,,
RCY_M,THS_T,BE,1549.99,1614.49,1691.27,1678.02,1648.35,1625.5,1794.79,1434.7148,1383.8,1273.16,1187.26,1111.36,1095.45,1025.77
RCY_M,THS_T,BE10,100.45,103.67,108,111.08,93.93,90.55,89.21,87.5748,87.8,85.88,80.34,74.03,73.06,70.93
RCY_M,THS_T,BE21,263.78,283.66,312.36,306.75,311.72,304.54,307.72,295.87,270.07,279.03,266.16,268.9,258,241.43
RCY_M,THS_T,BE22,144.82,147.72,154.31,152.23,161.48,165.46,164.07,139.5,132.3,132.74,119.53,117.49,113.35,109.44
RCY_M,THS_T,BE23,249.1,262.42,268.21,274.7,260.61,256.17,254.36,240.47,235.8,232.65,211.12,214.52,198.75,191.75
RCY_M,THS_T,BE24,165.24,176.28,187.31,180.55,182.78,185.22,183.77,162.27,156.48,152.33,141.68,138.95,137.49,136.98
RCY_M,THS_T,BE25,221.95,227.87,235.43,243.2,230.32,226.21,222.95,211.05,211.63,201.55,186.83,182.51,172.94,162.67
RCY_M,THS_T,BE31,49.68,50.1,50.01,47.93,46.34,45.97,,,,,,,,
RCY_M,THS_T,BE32,135.91,138.27,140.83,136.68,135.01,132.25,,,,,,,,
RCY_M,THS_T,BE33,118.65,120.7,126.16,120.66,122.7,116.67,,,,,,,,
RCY_M,THS_T,BE34,38.43,40.53,42.3,40.54,40.28,39.23,,,,,,,,
RCY_M,THS_T,BE35,61.98,63.27,66.35,63.7,63.18,63.23,,,,,,,,
RCY_M,THS_T,BG,271,,,,,,,,,,,,,
RCY_M,THS_T,BG31,17,,,,,,,,,,,,,
RCY_M,THS_T,BG32,41,,,,,,,,,,,,,
RCY_M,THS_T,BG33,59,,,,,,,,,,,,,
RCY_M,THS_T,BG34,19,,,,,,,,,,,,,
RCY_M,THS_T,BG41,96,,,,,,,,,,,,,
RCY_M,THS_T,BG42,39,,,,,,,,,,,,,
RCY_M,THS_T,CH,,,1895,1878,1871,1893,1855,1785,1730,1640,1596,1578,1584,1500
RCY_M,THS_T,CY,66,70,72,61,49,42,28,22,19,16.48,14.73,14.61,14.1,13.11
RCY_M,THS_T,CY00,66,70,72,61,49,42,28,22,19,16.48,14.73,14.61,14.1,13.11
RCY_M,THS_T,CZ,,,495.7,451.77,352.79,279.85,276.08,200.6,165.73,137.52,,,,
RCY_M,THS_T,DE,17878.5,15852,14188,13589.1,13530.3,13007.8,13186.4,13370.4,13099.3,12624.2,,,,
RCY_M,THS_T,DE11,1216.3,1209.8,658.7,642,653.8,649.9,650.8,642.6,596.3,578.6,,,,
RCY_M,THS_T,DE12,878.8,889.6,529.8,534.1,533.7,535,532.4,532,504.8,484.1,,,,
RCY_M,THS_T,DE13,711.8,709.1,493.1,488.7,490.6,384.8,383.2,385.8,371.4,354.5,,,,
RCY_M,THS_T,DE14,506.9,501.3,288.7,291.9,293.9,290.5,303.2,300.8,293.7,286.8,,,,
RCY_M,THS_T,DE21,773.8,735.7,737,732,724,719,724,722,659,705,,,,
RCY_M,THS_T,DE22,180.1,177.1,178,171,171,170,169,169,175,149,,,,
RCY_M,THS_T,DE23,160.7,159.1,161,158,158,159,159,158,158,135,,,,
RCY_M,THS_T,DE24,190.8,162.7,164,160,162,162,160,158,162,138,,,,
RCY_M,THS_T,DE25,305,291.7,299,296,297,297,299,292,294,270,,,,
RCY_M,THS_T,DE26,288.2,246.7,237,233,231,229,230,230,231,223,,,,
RCY_M,THS_T,DE27,353.4,299,300,307,287,283,303,300,297,288,,,,
RCY_M,THS_T,DE30,1254.8,814,452.6,435.1,438.1,447.4,459.9,457.8,459.2,442.6,,,,
RCY_M,THS_T,DE40,600,573.5,557.3,534.1,525.4,536.5,542.7,522.1,455.6,372.4,,,,
RCY_M,THS_T,DE50,231.2,102.4,113,111,110.7,112.5,114.7,86.5,88.2,95.1,,,,
RCY_M,THS_T,DE60,229.9,214,212.8,204.2,203.6,224,239.5,237.9,205.8,174.2,,,,
RCY_M,THS_T,DE71,1295.3,665.5,675.2,667.9,655.2,568.9,586.9,603.5,565.7,580.2,,,,
RCY_M,THS_T,DE72,339.5,315,323.2,315.5,330.1,191.5,156.8,155.2,142.8,263.2,,,,
RCY_M,THS_T,DE73,389.4,311,314.1,327.7,310.7,207,201.4,197.1,180.4,159.9,,,,
RCY_M,THS_T,DE80,418,390.5,384.9,379.1,374.6,294.1,287.7,290.1,283.7,294.2,,,,
RCY_M,THS_T,DE91,260.5,258.9,263.5,248.9,245.2,244,253,255,230,237,,,,
RCY_M,THS_T,DE92,381.8,386.3,377.7,363.9,367,363,366,372,361,337,,,,
RCY_M,THS_T,DE93,302.8,300.4,299.1,270.7,290.1,291,299,271,277,268,,,,
RCY_M,THS_T,DE94,442,432.3,449.2,425.2,426.3,434,439,462,404,382,,,,
RCY_M,THS_T,DEA1,597.5,604.8,587.3,569,578.4,576,615.6,597.2,736.5,693.7,,,,
RCY_M,THS_T,DEA2,561.6,530.7,548.3,542,544.5,549.3,549.7,530.7,637.8,665.9,,,,
RCY_M,THS_T,DEA3,321.4,339.5,333.6,321,320.6,315.8,308.6,305.9,397.1,371.5,,,,
RCY_M,THS_T,DEA4,242.4,254.2,249.7,235,204.3,172.4,219.9,249.8,297.7,276.6,,,,
RCY_M,THS_T,DEA5,437.2,445,424.1,423.2,410,415.9,434,438.5,602.4,613.6,,,,
RCY_M,THS_T,DEB1,425.1,417.9,376.6,353.6,355.8,347.2,348.6,350.1,329,321.9,,,,
RCY_M,THS_T,DEB2,192.1,198.8,197.4,199.7,199.6,197.7,164.7,87.8,78.4,82.4,,,,
RCY_M,THS_T,DEB3,713.5,708.4,736.4,434.4,435.4,379.8,382.6,384.2,376.1,369.8,,,,
RCY_M,THS_T,DEC0,345.5,142.1,141.6,124,124.1,129.4,141.1,140.7,129.7,128,,,,
RCY_M,THS_T,DED2,401.2,247.3,258.6,258.3,250.2,274.9,312.3,322.3,323.2,345.3,,,,
RCY_M,THS_T,DED4,394.1,301.7,335.1,322.8,318.2,342.7,375.4,447.4,359.5,238.5,,,,
RCY_M,THS_T,DED5,223.8,212.3,216,208.7,205.1,218.4,157.5,301.5,244.5,155.2,,,,
RCY_M,THS_T,DEE0,498.8,492.2,496,502.7,481.2,474.3,489.7,541.3,366.8,364.9,,,,
RCY_M,THS_T,DEF0,490.7,509.4,507.3,487.7,504.5,504,489.1,518.8,429.3,426.7,,,,
RCY_M,THS_T,DEG0,322.6,302.1,311.1,310,319.4,316.9,337.4,353.8,395.7,352.4,,,,
RCY_M,THS_T,EE,47,99,70,41,52,78,122,70,121,142.25,76.82,10.61,15.3,12.8
RCY_M,THS_T,EE00,47,99,70,41,52,78,122,70,121,142.25,76.82,10.61,15.3,12.8
RCY_M,THS_T,ES,,,,,,3898.4,,,,,,,,
RCY_M,THS_T,FR,,,9033.4,8300.91,,7190.9,,6385.3,,6338.5,,5212.7,,4900.6
RCY_M,THS_T,FR10,,,1091.7,1595.8,,1540.1,,1071.1,,1126.7,,1036,,1196.8
RCY_M,THS_T,FR21,,,182.5,88.46,,98.4,,124,,104.4,,96.3,,163.8
RCY_M,THS_T,FR22,,,261.8,117.9,,110.1,,93.1,,94.1,,77.4,,78.3
RCY_M,THS_T,FR23,,,205.5,89.16,,110.7,,73.8,,130.7,,123.3,,146.1
RCY_M,THS_T,FR24,,,351.6,193.87,,322.4,,222.9,,257.7,,161.2,,121.5
RCY_M,THS_T,FR25,,,218.3,154.14,,181.9,,186.1,,157,,117.2,,162.2
RCY_M,THS_T,FR26,,,237.1,86.45,,96.3,,139.3,,93.8,,107.9,,124.1
RCY_M,THS_T,FR30,,,797.6,946.33,,841.8,,740.7,,650.6,,514,,443
RCY_M,THS_T,FR41,,,266.8,351.03,,399.1,,345.8,,365.7,,171.4,,114.9
RCY_M,THS_T,FR42,,,212.5,289.82,,486.5,,515.3,,519.9,,531.6,,555.4
RCY_M,THS_T,FR43,,,193.1,59.48,,91.1,,99.5,,133.8,,155,,97.3
RCY_M,THS_T,FR51,,,556.2,335.26,,422.4,,401.9,,387.6,,323,,373.6
RCY_M,THS_T,FR52,,,444.4,279.78,,273.3,,204.6,,239.3,,228.1,,96.7
RCY_M,THS_T,FR53,,,302.6,89.32,,120.7,,104.2,,96.8,,118.8,,68.1
RCY_M,THS_T,FR61,,,501.3,225.85,,200.1,,214.1,,371.7,,293.6,,129.8
RCY_M,THS_T,FR62,,,355.9,260.12,,304.2,,326.5,,238.7,,203.5,,209.7
RCY_M,THS_T,FR63,,,100.8,35.14,,27.5,,37.5,,86.7,,47.8,,71.7
RCY_M,THS_T,FR71,,,1062.7,1641.59,,1017.6,,1012,,946.9,,577.4,,430.3
RCY_M,THS_T,FR72,,,173.5,127.11,,111.5,,136.2,,108.8,,84.4,,59.3
RCY_M,THS_T,FR81,,,500.7,142.15,,211.2,,142.6,,141.7,,118.3,,119.2
RCY_M,THS_T,FR82,,,875.2,1078.35,,144.1,,129.2,,36,,106.5,,126.8
RCY_M,THS_T,FR83,,,27.7,0,,21.6,,21.6,,25.3,,20,,12
RCY_M,THS_T,FR91,,,6,19.3,,11.3,,0.9,,1.5,,,,
RCY_M,THS_T,FR92,,,6.8,4.41,,4.1,,3.3,,2.1,,,,
RCY_M,THS_T,FR93,,,1.8,0,,0,,0,,0,,,,
RCY_M,THS_T,FR94,,,99.3,90.09,,42.9,,39.1,,21,,,,
RCY_M,THS_T,HR03,97.85,101.71,26.52,,,,,,,,,,,
RCY_M,THS_T,HR04,130.07,117.78,96.52,,,,,,,,,,,
RCY_M,THS_T,HU,799.5,832.19,653.83,640.96,575.81,606.56,,,,0,0,0,0,0
RCY_M,THS_T,HU10,313.04,328.25,236.12,198.54,196.52,181.74,,,,,,,,
RCY_M,THS_T,HU21,87.85,100.4,73.55,76.45,57.55,82.27,,,,,,,,
RCY_M,THS_T,HU22,108.96,130.12,95.95,105.87,107.17,88.68,,,,,,,,
RCY_M,THS_T,HU23,45.55,41.77,42.63,39.5,45.56,48.07,,,,,,,,
RCY_M,THS_T,HU31,54.66,57.75,63.74,56.53,55.83,60.62,,,,,,,,
RCY_M,THS_T,HU32,81.32,76.8,71.05,70.92,46.02,67.41,,,,,,,,
RCY_M,THS_T,HU33,108.12,97.1,70.79,93.15,67.16,77.77,,,,,,,,
RCY_M,THS_T,IE,,,,910,845.7,987.53,1081.15,1064.35,897.97,835.49,650,463,284,254
RCY_M,THS_T,IT,,,,6429,6041.5,4630.84,5536,3813.27,3683.26,3508.69,3107.63,2727.48,3513.15,2888.32
RCY_M,THS_T,LT,261.311,261,244.12,140,87,101,80,14,14,14,0,0,0,0
RCY_M,THS_T,LT00,261,261,244,140,87,101,80,14,14,14,0,0,0,0
RCY_M,THS_T,LU,99,96,98,93,89,89,86,84,80,72.15,70.58,66.43,66.39,61.61
RCY_M,THS_T,LU00,99,96,98,93,89,89,86,84,80,72,71,66,66,62
RCY_M,THS_T,LV,66,84,62,60,56,43,38,29,26,24.68,13.65,3.12,0,0
RCY_M,THS_T,LV00,66,84,62,60,56,43,38,29,26,25,14,3,0,0
RCY_M,THS_T,MK,0,0,0,0,0,0,,,,,,,,
RCY_M,THS_T,MK00,0,0,0,0,0,0,,,,,,,,
RCY_M,THS_T,MT,13,20,19,13,9,8,5,6,4,4.58,1.11,0.81,1.46,2.14
RCY_M,THS_T,MT00,13,20,19,13,9,8,5,6,4,5,1,1,1,2
RCY_M,THS_T,NL,2112,2194,2292,2354,2383,2449,2386,2246,2142,2580,2401,2341,2184,2128
RCY_M,THS_T,NL11,77,82,84,88,90,90 bd,91,83,80,94,90,87,81,83
RCY_M,THS_T,NL12,93,99,102,107,110,116 bd,120,113,104,133,113,111,105,109
RCY_M,THS_T,NL13,65,67,72,77,74,77 bd,76,70,71,83,79,77,71,72
RCY_M,THS_T,NL21,149,150,152,158,160,163 bd,171,156,141,173,163,162,144,139
RCY_M,THS_T,NL22,271,278,292,295,299,309 bd,308,289,275,315,296,285,267,260
RCY_M,THS_T,NL23,54,57,60,58,60,61 bd,58,52,50,60,56,57,53,46
RCY_M,THS_T,NL31,153,158,165,168,168,176 bd,170,158,155,177,154,166,153,151
RCY_M,THS_T,NL32,299,303,320,328,339,350 bd,323,306,290,344,313,316,288,283
RCY_M,THS_T,NL33,353,373,388,404,414,422 bd,386,372,348,415,385,367,345,336
RCY_M,THS_T,NL34,64,66,72,74,71,74 bd,76,70,68,88,88,82,76,73
RCY_M,THS_T,NL41,363,381,397,406,406,415 bd,411,392,380,484,456,430,402,391
RCY_M,THS_T,NL42,171,180,188,191,192,196 bd,196,185,180,214,208,201,199,185
RCY_M,THS_T,NO,589.1,615.13,596.02,607.81,618.32,669.51,,,,,575.89,559.69,496.34,
RCY_M,THS_T,NO01,132.85,142.27,135.94,131.26,128.79,,,,,,,,,
RCY_M,THS_T,NO02,49.6,58.5,54.71,53.87,54.44,,,,,,,,,
RCY_M,THS_T,NO03,130.1,137.45,131.22,133.23,137.21,,,,,,,,,
RCY_M,THS_T,NO04,83.61,83.58,87.81,83.36,93.03,,,,,,,,,
RCY_M,THS_T,NO05,100.82,97.04,94.86,104.49,105.6,,,,,,,,,
RCY_M,THS_T,NO06,50.91,56.38,51.13,58.43,58.62,,,,,,,,,
RCY_M,THS_T,NO07,41.21,39.91,40.35,43.17,40.63,,,,,,,,,
RCY_M,THS_T,PL,1498.59,1243.72,1173.25,1783.27,1420.54,894.87,580.38,487.29,366.56,243.38,144.93,115.69,147.35,12.98
RCY_M,THS_T,PL11,49.67,55.88,48.33,104.7,141.53,66.13,33.61,34.1,23.25,12.88,10.3,8.34,35.55,0.96
RCY_M,THS_T,PL12,184.95,206.81,203.75,261.08,213.68,122.87,77.96,62.94,61.35,38.12,22.84,27.41,22.83,1.4
RCY_M,THS_T,PL21,116.75,114.51,105.98,100.91,98.84,58.16,46.34,48.01,31.27,17.19,8.94,6.18,4.75,0.74
RCY_M,THS_T,PL22,233.29,146.42,158.67,390.88,249.71,126.09,103.54,103.35,67.87,39.32,32.77,19.91,20.5,1.68
RCY_M,THS_T,PL31,40.61,31.95,30.66,57.61,42.15,26.12,21.49,20.7,16.78,6.03,1.8,1.39,0.94,0.61
RCY_M,THS_T,PL32,98.32,50.3,61.56,71.85,51.52,30.75,20.57,16.91,11.65,8.56,7.23,6.22,4.57,0.55
RCY_M,THS_T,PL33,7.21,27.67,19.62,20.14,13.05,9.87,22.89,6.28,5.07,3.8,2.34,1.48,0.99,0.25
RCY_M,THS_T,PL34,10.68,17.61,27.58,25.09,28.92,9.87,11.13,11.08,10.66,3.64,6.73,1.8,1.17,0.33
RCY_M,THS_T,PL41,242.2,150.41,110.11,111.71,102.45,71.9,56.2,48.84,30.01,24.98,12.61,10.74,2.26,1.14
RCY_M,THS_T,PL42,98.95,64.72,52.3,62.57,48.33,33.52,20.77,17.1,14.86,12.71,11.15,9.13,36.69,0.95
RCY_M,THS_T,PL43,66.05,59.47,54.36,97.71,44.67,14.28,9.5,7.87,5.85,2.74,2.02,4.06,3.04,0.41
RCY_M,THS_T,PL51,136.32,105.08,83.3,154.79,125.45,93.31,46.97,29.86,22.68,23.9,4.42,4.51,4.86,1.64
RCY_M,THS_T,PL52,18.48,25.9,26.33,24.65,20.2,13.88,12.44,9.08,17.14,9.26,2.95,2.38,1.99,0.36
RCY_M,THS_T,PL61,53.86,55.05,53.06,89.32,84.19,52.5,51.2,37.99,19.9,10.45,8.69,4.99,2.8,0.57
RCY_M,THS_T,PL62,55.83,41.05,61.21,43.11,42.92,23.61,21.9,10.62,8.71,6.44,4.02,2.91,1.02,0.56
RCY_M,THS_T,PL63,85.42,90.89,76.43,167.15,112.93,142.01,23.87,22.56,19.51,23.36,6.12,4.24,3.39,0.83
RCY_M,THS_T,PT,594.121,549.485,594.793,619.35,648.21,566.66,527.91,475.35,405.79,319.56,226.92,212.68,,
RCY_M,THS_T,PT11,153.931,162.001,158.657,163.82,186.72,159,136.57,130.62,121.88,108.95,86.68,71.37,,
RCY_M,THS_T,PT15,62.998,29.809,32.497,33.97,88.96,80.47,22.84,22.52,14.7,14.73,11.37,9.71,,
RCY_M,THS_T,PT16,127.778,87.322,88.102,101.53,91.79,80.52,73.95,66.81,50.81,55.02,34.09,28.09,,
RCY_M,THS_T,PT17,161.29,214.693,254.075,262.87,195.67,168.64,227,197.97,178.97,109.11,69.24,82.77,,
RCY_M,THS_T,PT18,63.049,36.057,39.88,40.98,43.92,37.32,31.19,29.05,18.61,14.64,10.12,7.62,,
RCY_M,THS_T,PT20,16.183,10.914,12.152,8.91,9.29,8,6.63,3.83,4.2,1.84,1.56,0,,
RCY_M,THS_T,PT30,8.892,8.689,9.43,7.27,31.86,32.71,29.73,24.55,16.62,15.27,13.86,13.12,,
RCY_M,THS_T,RO,,167.31,174.95,164.18,,72.13,34.47,40.63,145.2,83.28,17.06,170,123,0
RCY_M,THS_T,RO11,,21.52,18.83,15.97,,11.97,,,,,,,,
RCY_M,THS_T,RO12,,54.81,29.2,25.74,,6.38,,,,,,,,
RCY_M,THS_T,RO21,,20.41,19.32,28.92,,13.17,,,,,,,,
RCY_M,THS_T,RO22,,17.38,15.47,12.16,,2.99,,,,,,,,
RCY_M,THS_T,RO31,,15.19,18.71,8.96,,6.93,,,,,,,,
RCY_M,THS_T,RO32,,16.63,29.69,27.09,,15.15,,,,,,,,
RCY_M,THS_T,RO41,,4.06,21.4,5.94,,0.88,,,,,,,,
RCY_M,THS_T,RO42,,17.31,22.33,39.4,,14.66,,,,,,,,
RCY_M,THS_T,RS,0,0,0,0,0,0,0,0,,,,,,
RCY_M,THS_T,SI,323.6,251.47,243.39,199.94,189.14,189.87,216.9,145.46,168.63,182.65,92.08,62.17,,
RCY_M,THS_T,SI01,160.16,86.12,80.32,60.18,58.44,66.45,73.96,55.86,82.12,77.26,75.23,35.83,,
RCY_M,THS_T,SI02,163.44,165.35,163.07,139.76,130.7,123.42,142.94,89.6,86.51,105.39,16.85,26.34,,
RCY_M,THS_T,SK,56.62,98.01,73.52,66.59,47.61,43.58,27.72,9.77,9.33,47.24,50.05,36.92,,
RCY_M,THS_T,SK01,5.6,11.55,2.96,2.73,1.47,2.71,1.5,1.78,0.87,10.39,13.38,5.05,,
RCY_M,THS_T,SK02,18.79,31.91,28.93,23.52,16.28,13.47,15.35,4.01,4.9,19.38,16.94,14.55,,
RCY_M,THS_T,SK03,17,32.87,22.57,22.63,18.63,10.19,3.92,1.63,2.15,10.62,13.06,12.16,,
RCY_M,THS_T,SK04,15.23,21.68,19.06,17.71,11.23,17.21,6.95,2.35,1.41,6.85,6.67,5.16,,
RCY_M,THS_T,UKC1,,,192.11,190.07,181.78,,,,,,,,,
RCY_M,THS_T,UKC2,,,182.69,184.64,188.34,,,,,,,,,
RCY_M,THS_T,UKD1,,,76.12,77.03,65.46,,,,,,,,,
RCY_M,THS_T,UKD3,,,327.58,337.35,313.33,,,,,,,,,
RCY_M,THS_T,UKD4,,,197.03,203.27,197.04,,,,,,,,,
RCY_M,THS_T,UKE1,,,137.3,134.62,129.33,,,,,,,,,
RCY_M,THS_T,UKE2,,,105.77,108.11,112.51,,,,,,,,,
RCY_M,THS_T,UKE3,,,170.5,143.79,136.24,,,,,,,,,
RCY_M,THS_T,UKE4,,,238.45,214.12,219.02,,,,,,,,,
RCY_M,THS_T,UKF1,,,268.27,262.25,266.04,,,,,,,,,
RCY_M,THS_T,UKF2,,,225.07,225.53,235.43,,,,,,,,,
RCY_M,THS_T,UKF3,,,108.18,109.18,103.19,,,,,,,,,
RCY_M,THS_T,UKG1,,,191.46,188.18,193.74,,,,,,,,,
RCY_M,THS_T,UKG2,,,197.42,195.98,189.35,,,,,,,,,
RCY_M,THS_T,UKG3,,,252.32,250.28,229.14,,,,,,,,,
RCY_M,THS_T,UKH1,,,344.42,343.46,321.79,,,,,,,,,
RCY_M,THS_T,UKH2,,,208.29,210.56,215.07,,,,,,,,,
RCY_M,THS_T,UKH3,,,232.43,237.44,246.8,,,,,,,,,
RCY_M,THS_T,UKI1,,,329.25,328.81,258.28,,,,,,,,,
RCY_M,THS_T,UKI2,,,447.31,436.08,505.75,,,,,,,,,
RCY_M,THS_T,UKJ1,,,295.12,288.98,272.88,,,,,,,,,
RCY_M,THS_T,UKJ2,,,381.07,381.24,379.9,,,,,,,,,
RCY_M,THS_T,UKJ3,,,234.49,242.56,238.1,,,,,,,,,
RCY_M,THS_T,UKJ4,,,243.99,239.49,249.37,,,,,,,,,
RCY_M,THS_T,UKK1,,,322.21,300.69,291.26,,,,,,,,,
RCY_M,THS_T,UKK2,,,175.72,201.15,182.73,,,,,,,,,
RCY_M,THS_T,UKK3,,,70.5,82.35,80.04,,,,,,,,,
RCY_M,THS_T,UKK4,,,157.67,186.46,174.67,,,,,,,,,
RCY_M,THS_T,UKL1,,,321.25,315.34,296.23,,,,,,,,,
RCY_M,THS_T,UKL2,,,171.38,155.29,147.2,,,,,,,,,
RCY_M,THS_T,UKM2,,,346.6,311.38,311.92,,,,,,,,,
RCY_M,THS_T,UKM3,,,311.52,304.24,296.93,,,,,,,,,
RCY_M,THS_T,UKM5,,,62.41,61.88,60.34,,,,,,,,,
RCY_M,THS_T,UKM6,,,71.07,70.15,70.67,,,,,,,,,
RCY_M,THS_T,UKN0,,,213.83,206.39,203.8,,,,,,,,,
