DR-Nummer;Kürzel;Bundesland;Indikator;Datenreihe;Spaltenüberschrift;Wert
4;NW;Nordrhein-Westfalen;Treibhausgasemissionen;Treibhausgasemissionen - Trend;2007;320,1
4;NW;Nordrhein-Westfalen;Treibhausgasemissionen;Treibhausgasemissionen - Trend;2008;316,16666666667
4;NW;Nordrhein-Westfalen;Treibhausgasemissionen;Treibhausgasemissionen - Trend;2009;312,23333333333
4;NW;Nordrhein-Westfalen;Treibhausgasemissionen;Treibhausgasemissionen - Trend;2010;308,3
4;NW;Nordrhein-Westfalen;Treibhausgasemissionen;Treibhausgasemissionen - Trend;2011;304,36666666667
4;NW;Nordrhein-Westfalen;Treibhausgasemissionen;Treibhausgasemissionen - Trend;2012;300,43333333333
4;NW;Nordrhein-Westfalen;Treibhausgasemissionen;Treibhausgasemissionen - Trend;2013;296,5
4;NW;Nordrhein-Westfalen;Treibhausgasemissionen;Treibhausgasemissionen - Trend;2014;292,56666666667
4;NW;Nordrhein-Westfalen;Treibhausgasemissionen;Treibhausgasemissionen - Trend;2015;288,63333333333
4;NW;Nordrhein-Westfalen;Treibhausgasemissionen;Treibhausgasemissionen - Trend;2016;284,7
5;NW;Nordrhein-Westfalen;Treibhausgasemissionen;Treibhausgasemissionen - Daten;1990;367,9
5;NW;Nordrhein-Westfalen;Treibhausgasemissionen;Treibhausgasemissionen - Daten;1995;360,3
5;NW;Nordrhein-Westfalen;Treibhausgasemissionen;Treibhausgasemissionen - Daten;2000;338,5
5;NW;Nordrhein-Westfalen;Treibhausgasemissionen;Treibhausgasemissionen - Daten;2005;328,7
5;NW;Nordrhein-Westfalen;Treibhausgasemissionen;Treibhausgasemissionen - Daten;2006;334,7
5;NW;Nordrhein-Westfalen;Treibhausgasemissionen;Treibhausgasemissionen - Daten;2007;329,7
5;NW;Nordrhein-Westfalen;Treibhausgasemissionen;Treibhausgasemissionen - Daten;2008;325,9
5;NW;Nordrhein-Westfalen;Treibhausgasemissionen;Treibhausgasemissionen - Daten;2009;289,7
5;NW;Nordrhein-Westfalen;Treibhausgasemissionen;Treibhausgasemissionen - Daten;2010;306,1
5;NW;Nordrhein-Westfalen;Treibhausgasemissionen;Treibhausgasemissionen - Daten;2011;299,7
5;NW;Nordrhein-Westfalen;Treibhausgasemissionen;Treibhausgasemissionen - Daten;2012;300,7
5;NW;Nordrhein-Westfalen;Treibhausgasemissionen;Treibhausgasemissionen - Daten;2013;306,7
5;NW;Nordrhein-Westfalen;Treibhausgasemissionen;Treibhausgasemissionen - Daten;2014;293,9
5;NW;Nordrhein-Westfalen;Treibhausgasemissionen;Treibhausgasemissionen - Daten;2015;285,4
5;NW;Nordrhein-Westfalen;Treibhausgasemissionen;Treibhausgasemissionen - Daten;2016;286,4
16;NW;Nordrhein-Westfalen;Stickstoffoxidemissionen;Stickstoffoxidemissionen - Daten;1996;478
16;NW;Nordrhein-Westfalen;Stickstoffoxidemissionen;Stickstoffoxidemissionen - Daten;2000;453
16;NW;Nordrhein-Westfalen;Stickstoffoxidemissionen;Stickstoffoxidemissionen - Daten;2004;420
16;NW;Nordrhein-Westfalen;Stickstoffoxidemissionen;Stickstoffoxidemissionen - Daten;2008;341
16;NW;Nordrhein-Westfalen;Stickstoffoxidemissionen;Stickstoffoxidemissionen - Daten;2012;294
17;NW;Nordrhein-Westfalen;Stickstoffdioxidkonzentration im städtischen Hintergrund;Stickstoffdioxidkonzentration im städtischen Hintergrund - Daten;1990;38
17;NW;Nordrhein-Westfalen;Stickstoffdioxidkonzentration im städtischen Hintergrund;Stickstoffdioxidkonzentration im städtischen Hintergrund - Daten;1991;40
17;NW;Nordrhein-Westfalen;Stickstoffdioxidkonzentration im städtischen Hintergrund;Stickstoffdioxidkonzentration im städtischen Hintergrund - Daten;1992;39
17;NW;Nordrhein-Westfalen;Stickstoffdioxidkonzentration im städtischen Hintergrund;Stickstoffdioxidkonzentration im städtischen Hintergrund - Daten;1993;36
17;NW;Nordrhein-Westfalen;Stickstoffdioxidkonzentration im städtischen Hintergrund;Stickstoffdioxidkonzentration im städtischen Hintergrund - Daten;1994;35
17;NW;Nordrhein-Westfalen;Stickstoffdioxidkonzentration im städtischen Hintergrund;Stickstoffdioxidkonzentration im städtischen Hintergrund - Daten;1995;34
17;NW;Nordrhein-Westfalen;Stickstoffdioxidkonzentration im städtischen Hintergrund;Stickstoffdioxidkonzentration im städtischen Hintergrund - Daten;1996;35
17;NW;Nordrhein-Westfalen;Stickstoffdioxidkonzentration im städtischen Hintergrund;Stickstoffdioxidkonzentration im städtischen Hintergrund - Daten;1997;35
17;NW;Nordrhein-Westfalen;Stickstoffdioxidkonzentration im städtischen Hintergrund;Stickstoffdioxidkonzentration im städtischen Hintergrund - Daten;1998;33
17;NW;Nordrhein-Westfalen;Stickstoffdioxidkonzentration im städtischen Hintergrund;Stickstoffdioxidkonzentration im städtischen Hintergrund - Daten;1999;32
17;NW;Nordrhein-Westfalen;Stickstoffdioxidkonzentration im städtischen Hintergrund;Stickstoffdioxidkonzentration im städtischen Hintergrund - Daten;2000;30
17;NW;Nordrhein-Westfalen;Stickstoffdioxidkonzentration im städtischen Hintergrund;Stickstoffdioxidkonzentration im städtischen Hintergrund - Daten;2001;31
17;NW;Nordrhein-Westfalen;Stickstoffdioxidkonzentration im städtischen Hintergrund;Stickstoffdioxidkonzentration im städtischen Hintergrund - Daten;2002;30
17;NW;Nordrhein-Westfalen;Stickstoffdioxidkonzentration im städtischen Hintergrund;Stickstoffdioxidkonzentration im städtischen Hintergrund - Daten;2003;34
17;NW;Nordrhein-Westfalen;Stickstoffdioxidkonzentration im städtischen Hintergrund;Stickstoffdioxidkonzentration im städtischen Hintergrund - Daten;2004;31
17;NW;Nordrhein-Westfalen;Stickstoffdioxidkonzentration im städtischen Hintergrund;Stickstoffdioxidkonzentration im städtischen Hintergrund - Daten;2005;31
17;NW;Nordrhein-Westfalen;Stickstoffdioxidkonzentration im städtischen Hintergrund;Stickstoffdioxidkonzentration im städtischen Hintergrund - Daten;2006;29
17;NW;Nordrhein-Westfalen;Stickstoffdioxidkonzentration im städtischen Hintergrund;Stickstoffdioxidkonzentration im städtischen Hintergrund - Daten;2007;27
17;NW;Nordrhein-Westfalen;Stickstoffdioxidkonzentration im städtischen Hintergrund;Stickstoffdioxidkonzentration im städtischen Hintergrund - Daten;2008;28
17;NW;Nordrhein-Westfalen;Stickstoffdioxidkonzentration im städtischen Hintergrund;Stickstoffdioxidkonzentration im städtischen Hintergrund - Daten;2009;29
17;NW;Nordrhein-Westfalen;Stickstoffdioxidkonzentration im städtischen Hintergrund;Stickstoffdioxidkonzentration im städtischen Hintergrund - Daten;2010;28
17;NW;Nordrhein-Westfalen;Stickstoffdioxidkonzentration im städtischen Hintergrund;Stickstoffdioxidkonzentration im städtischen Hintergrund - Daten;2011;26
17;NW;Nordrhein-Westfalen;Stickstoffdioxidkonzentration im städtischen Hintergrund;Stickstoffdioxidkonzentration im städtischen Hintergrund - Daten;2012;25
17;NW;Nordrhein-Westfalen;Stickstoffdioxidkonzentration im städtischen Hintergrund;Stickstoffdioxidkonzentration im städtischen Hintergrund - Daten;2013;25
17;NW;Nordrhein-Westfalen;Stickstoffdioxidkonzentration im städtischen Hintergrund;Stickstoffdioxidkonzentration im städtischen Hintergrund - Daten;2014;24
17;NW;Nordrhein-Westfalen;Stickstoffdioxidkonzentration im städtischen Hintergrund;Stickstoffdioxidkonzentration im städtischen Hintergrund - Daten;2015;23
17;NW;Nordrhein-Westfalen;Stickstoffdioxidkonzentration im städtischen Hintergrund;Stickstoffdioxidkonzentration im städtischen Hintergrund - Daten;2016;24
18;NW;Nordrhein-Westfalen;Stickstoffdioxidkonzentration im städtischen Hintergrund;Stickstoffdioxidkonzentration im städtischen Hintergrund - Trend;2007;28,55
18;NW;Nordrhein-Westfalen;Stickstoffdioxidkonzentration im städtischen Hintergrund;Stickstoffdioxidkonzentration im städtischen Hintergrund - Trend;2008;27,961111111111
18;NW;Nordrhein-Westfalen;Stickstoffdioxidkonzentration im städtischen Hintergrund;Stickstoffdioxidkonzentration im städtischen Hintergrund - Trend;2009;27,372222222222
18;NW;Nordrhein-Westfalen;Stickstoffdioxidkonzentration im städtischen Hintergrund;Stickstoffdioxidkonzentration im städtischen Hintergrund - Trend;2010;26,783333333333
18;NW;Nordrhein-Westfalen;Stickstoffdioxidkonzentration im städtischen Hintergrund;Stickstoffdioxidkonzentration im städtischen Hintergrund - Trend;2011;26,194444444444
18;NW;Nordrhein-Westfalen;Stickstoffdioxidkonzentration im städtischen Hintergrund;Stickstoffdioxidkonzentration im städtischen Hintergrund - Trend;2012;25,605555555556
18;NW;Nordrhein-Westfalen;Stickstoffdioxidkonzentration im städtischen Hintergrund;Stickstoffdioxidkonzentration im städtischen Hintergrund - Trend;2013;25,016666666667
18;NW;Nordrhein-Westfalen;Stickstoffdioxidkonzentration im städtischen Hintergrund;Stickstoffdioxidkonzentration im städtischen Hintergrund - Trend;2014;24,427777777778
18;NW;Nordrhein-Westfalen;Stickstoffdioxidkonzentration im städtischen Hintergrund;Stickstoffdioxidkonzentration im städtischen Hintergrund - Trend;2015;23,838888888889
18;NW;Nordrhein-Westfalen;Stickstoffdioxidkonzentration im städtischen Hintergrund;Stickstoffdioxidkonzentration im städtischen Hintergrund - Trend;2016;23,25
19;NW;Nordrhein-Westfalen;Ozonkonzentration im städtischen Hintergrund;Ozonkonzentration im städtischen Hintergrund - Daten;1990;43
19;NW;Nordrhein-Westfalen;Ozonkonzentration im städtischen Hintergrund;Ozonkonzentration im städtischen Hintergrund - Daten;1991;4
19;NW;Nordrhein-Westfalen;Ozonkonzentration im städtischen Hintergrund;Ozonkonzentration im städtischen Hintergrund - Daten;1992;17
19;NW;Nordrhein-Westfalen;Ozonkonzentration im städtischen Hintergrund;Ozonkonzentration im städtischen Hintergrund - Daten;1993;12
19;NW;Nordrhein-Westfalen;Ozonkonzentration im städtischen Hintergrund;Ozonkonzentration im städtischen Hintergrund - Daten;1994;42
19;NW;Nordrhein-Westfalen;Ozonkonzentration im städtischen Hintergrund;Ozonkonzentration im städtischen Hintergrund - Daten;1995;37
19;NW;Nordrhein-Westfalen;Ozonkonzentration im städtischen Hintergrund;Ozonkonzentration im städtischen Hintergrund - Daten;1996;6
19;NW;Nordrhein-Westfalen;Ozonkonzentration im städtischen Hintergrund;Ozonkonzentration im städtischen Hintergrund - Daten;1997;5
19;NW;Nordrhein-Westfalen;Ozonkonzentration im städtischen Hintergrund;Ozonkonzentration im städtischen Hintergrund - Daten;1998;12
19;NW;Nordrhein-Westfalen;Ozonkonzentration im städtischen Hintergrund;Ozonkonzentration im städtischen Hintergrund - Daten;1999;2
19;NW;Nordrhein-Westfalen;Ozonkonzentration im städtischen Hintergrund;Ozonkonzentration im städtischen Hintergrund - Daten;2000;4
19;NW;Nordrhein-Westfalen;Ozonkonzentration im städtischen Hintergrund;Ozonkonzentration im städtischen Hintergrund - Daten;2001;17
19;NW;Nordrhein-Westfalen;Ozonkonzentration im städtischen Hintergrund;Ozonkonzentration im städtischen Hintergrund - Daten;2002;2
19;NW;Nordrhein-Westfalen;Ozonkonzentration im städtischen Hintergrund;Ozonkonzentration im städtischen Hintergrund - Daten;2003;43
19;NW;Nordrhein-Westfalen;Ozonkonzentration im städtischen Hintergrund;Ozonkonzentration im städtischen Hintergrund - Daten;2004;3
19;NW;Nordrhein-Westfalen;Ozonkonzentration im städtischen Hintergrund;Ozonkonzentration im städtischen Hintergrund - Daten;2005;6
19;NW;Nordrhein-Westfalen;Ozonkonzentration im städtischen Hintergrund;Ozonkonzentration im städtischen Hintergrund - Daten;2006;24
19;NW;Nordrhein-Westfalen;Ozonkonzentration im städtischen Hintergrund;Ozonkonzentration im städtischen Hintergrund - Daten;2007;1
19;NW;Nordrhein-Westfalen;Ozonkonzentration im städtischen Hintergrund;Ozonkonzentration im städtischen Hintergrund - Daten;2008;1
19;NW;Nordrhein-Westfalen;Ozonkonzentration im städtischen Hintergrund;Ozonkonzentration im städtischen Hintergrund - Daten;2009;1
19;NW;Nordrhein-Westfalen;Ozonkonzentration im städtischen Hintergrund;Ozonkonzentration im städtischen Hintergrund - Daten;2010;21
19;NW;Nordrhein-Westfalen;Ozonkonzentration im städtischen Hintergrund;Ozonkonzentration im städtischen Hintergrund - Daten;2011;1
19;NW;Nordrhein-Westfalen;Ozonkonzentration im städtischen Hintergrund;Ozonkonzentration im städtischen Hintergrund - Daten;2012;6
19;NW;Nordrhein-Westfalen;Ozonkonzentration im städtischen Hintergrund;Ozonkonzentration im städtischen Hintergrund - Daten;2013;3
19;NW;Nordrhein-Westfalen;Ozonkonzentration im städtischen Hintergrund;Ozonkonzentration im städtischen Hintergrund - Daten;2014;0,2
19;NW;Nordrhein-Westfalen;Ozonkonzentration im städtischen Hintergrund;Ozonkonzentration im städtischen Hintergrund - Daten;2015;14
19;NW;Nordrhein-Westfalen;Ozonkonzentration im städtischen Hintergrund;Ozonkonzentration im städtischen Hintergrund - Daten;2016;4
20;NW;Nordrhein-Westfalen;Feinstaubkonzentration im städtischen Hintergrund;Feinstaubkonzentration im städtischen Hintergrund - Daten;2001;23
20;NW;Nordrhein-Westfalen;Feinstaubkonzentration im städtischen Hintergrund;Feinstaubkonzentration im städtischen Hintergrund - Daten;2002;26
20;NW;Nordrhein-Westfalen;Feinstaubkonzentration im städtischen Hintergrund;Feinstaubkonzentration im städtischen Hintergrund - Daten;2003;27
20;NW;Nordrhein-Westfalen;Feinstaubkonzentration im städtischen Hintergrund;Feinstaubkonzentration im städtischen Hintergrund - Daten;2004;24
20;NW;Nordrhein-Westfalen;Feinstaubkonzentration im städtischen Hintergrund;Feinstaubkonzentration im städtischen Hintergrund - Daten;2005;24
20;NW;Nordrhein-Westfalen;Feinstaubkonzentration im städtischen Hintergrund;Feinstaubkonzentration im städtischen Hintergrund - Daten;2006;25
20;NW;Nordrhein-Westfalen;Feinstaubkonzentration im städtischen Hintergrund;Feinstaubkonzentration im städtischen Hintergrund - Daten;2007;24
20;NW;Nordrhein-Westfalen;Feinstaubkonzentration im städtischen Hintergrund;Feinstaubkonzentration im städtischen Hintergrund - Daten;2008;22
20;NW;Nordrhein-Westfalen;Feinstaubkonzentration im städtischen Hintergrund;Feinstaubkonzentration im städtischen Hintergrund - Daten;2009;23
20;NW;Nordrhein-Westfalen;Feinstaubkonzentration im städtischen Hintergrund;Feinstaubkonzentration im städtischen Hintergrund - Daten;2010;23
20;NW;Nordrhein-Westfalen;Feinstaubkonzentration im städtischen Hintergrund;Feinstaubkonzentration im städtischen Hintergrund - Daten;2011;23
20;NW;Nordrhein-Westfalen;Feinstaubkonzentration im städtischen Hintergrund;Feinstaubkonzentration im städtischen Hintergrund - Daten;2012;21
20;NW;Nordrhein-Westfalen;Feinstaubkonzentration im städtischen Hintergrund;Feinstaubkonzentration im städtischen Hintergrund - Daten;2013;21
20;NW;Nordrhein-Westfalen;Feinstaubkonzentration im städtischen Hintergrund;Feinstaubkonzentration im städtischen Hintergrund - Daten;2014;19
20;NW;Nordrhein-Westfalen;Feinstaubkonzentration im städtischen Hintergrund;Feinstaubkonzentration im städtischen Hintergrund - Daten;2015;18
20;NW;Nordrhein-Westfalen;Feinstaubkonzentration im städtischen Hintergrund;Feinstaubkonzentration im städtischen Hintergrund - Daten;2016;20
21;NW;Nordrhein-Westfalen;Feinstaubkonzentration im städtischen Hintergrund;Feinstaubkonzentration im städtischen Hintergrund - Trend;2007;23,91
21;NW;Nordrhein-Westfalen;Feinstaubkonzentration im städtischen Hintergrund;Feinstaubkonzentration im städtischen Hintergrund - Trend;2008;23,352222222222
21;NW;Nordrhein-Westfalen;Feinstaubkonzentration im städtischen Hintergrund;Feinstaubkonzentration im städtischen Hintergrund - Trend;2009;22,794444444444
21;NW;Nordrhein-Westfalen;Feinstaubkonzentration im städtischen Hintergrund;Feinstaubkonzentration im städtischen Hintergrund - Trend;2010;22,236666666667
21;NW;Nordrhein-Westfalen;Feinstaubkonzentration im städtischen Hintergrund;Feinstaubkonzentration im städtischen Hintergrund - Trend;2011;21,678888888889
21;NW;Nordrhein-Westfalen;Feinstaubkonzentration im städtischen Hintergrund;Feinstaubkonzentration im städtischen Hintergrund - Trend;2012;21,121111111111
21;NW;Nordrhein-Westfalen;Feinstaubkonzentration im städtischen Hintergrund;Feinstaubkonzentration im städtischen Hintergrund - Trend;2013;20,563333333333
21;NW;Nordrhein-Westfalen;Feinstaubkonzentration im städtischen Hintergrund;Feinstaubkonzentration im städtischen Hintergrund - Trend;2014;20,005555555556
21;NW;Nordrhein-Westfalen;Feinstaubkonzentration im städtischen Hintergrund;Feinstaubkonzentration im städtischen Hintergrund - Trend;2015;19,447777777778
21;NW;Nordrhein-Westfalen;Feinstaubkonzentration im städtischen Hintergrund;Feinstaubkonzentration im städtischen Hintergrund - Trend;2016;18,89
22;NW;Nordrhein-Westfalen;Lärmbelastung;Lärmbelastung LDEN Ballungsräume - Daten;Straße;647500
22;NW;Nordrhein-Westfalen;Lärmbelastung;Lärmbelastung LDEN Ballungsräume - Daten;Bundesschienenwege;121400
22;NW;Nordrhein-Westfalen;Lärmbelastung;Lärmbelastung LDEN Ballungsräume - Daten;Sonstige Schienenwege;61800
22;NW;Nordrhein-Westfalen;Lärmbelastung;Lärmbelastung LDEN Ballungsräume - Daten;Fluglärm;1700
22;NW;Nordrhein-Westfalen;Lärmbelastung;Lärmbelastung LDEN Ballungsräume - Daten;Industrie;900
23;NW;Nordrhein-Westfalen;Lärmbelastung;Lärmbelastung LDEN nicht Ballungsräume - Daten;Straße;144600
23;NW;Nordrhein-Westfalen;Lärmbelastung;Lärmbelastung LDEN nicht Ballungsräume - Daten;Bundesschienenwege;71100
23;NW;Nordrhein-Westfalen;Lärmbelastung;Lärmbelastung LDEN nicht Ballungsräume - Daten;Sonstige Schienenwege;2500
23;NW;Nordrhein-Westfalen;Lärmbelastung;Lärmbelastung LDEN nicht Ballungsräume - Daten;Fluglärm;2500
23;NW;Nordrhein-Westfalen;Lärmbelastung;Lärmbelastung LDEN nicht Ballungsräume - Daten;Industrie;0 
24;NW;Nordrhein-Westfalen;Schwermetalleintrag an ländlichen Stationen;Schwermetalleintrag an ländlichen Stationen - Daten;1986;1
24;NW;Nordrhein-Westfalen;Schwermetalleintrag an ländlichen Stationen;Schwermetalleintrag an ländlichen Stationen - Daten;1987;1,07
24;NW;Nordrhein-Westfalen;Schwermetalleintrag an ländlichen Stationen;Schwermetalleintrag an ländlichen Stationen - Daten;1988;0,78
24;NW;Nordrhein-Westfalen;Schwermetalleintrag an ländlichen Stationen;Schwermetalleintrag an ländlichen Stationen - Daten;1989;0,72
24;NW;Nordrhein-Westfalen;Schwermetalleintrag an ländlichen Stationen;Schwermetalleintrag an ländlichen Stationen - Daten;1990;0,67
24;NW;Nordrhein-Westfalen;Schwermetalleintrag an ländlichen Stationen;Schwermetalleintrag an ländlichen Stationen - Daten;1992;0,59
24;NW;Nordrhein-Westfalen;Schwermetalleintrag an ländlichen Stationen;Schwermetalleintrag an ländlichen Stationen - Daten;1993;0,6
24;NW;Nordrhein-Westfalen;Schwermetalleintrag an ländlichen Stationen;Schwermetalleintrag an ländlichen Stationen - Daten;1994;0,52
24;NW;Nordrhein-Westfalen;Schwermetalleintrag an ländlichen Stationen;Schwermetalleintrag an ländlichen Stationen - Daten;1995;0,48
24;NW;Nordrhein-Westfalen;Schwermetalleintrag an ländlichen Stationen;Schwermetalleintrag an ländlichen Stationen - Daten;1996;0,47
24;NW;Nordrhein-Westfalen;Schwermetalleintrag an ländlichen Stationen;Schwermetalleintrag an ländlichen Stationen - Daten;1997;0,43
24;NW;Nordrhein-Westfalen;Schwermetalleintrag an ländlichen Stationen;Schwermetalleintrag an ländlichen Stationen - Daten;1998;0,51
24;NW;Nordrhein-Westfalen;Schwermetalleintrag an ländlichen Stationen;Schwermetalleintrag an ländlichen Stationen - Daten;1999;0,32
24;NW;Nordrhein-Westfalen;Schwermetalleintrag an ländlichen Stationen;Schwermetalleintrag an ländlichen Stationen - Daten;2000;0,35
24;NW;Nordrhein-Westfalen;Schwermetalleintrag an ländlichen Stationen;Schwermetalleintrag an ländlichen Stationen - Daten;2001;0,29
24;NW;Nordrhein-Westfalen;Schwermetalleintrag an ländlichen Stationen;Schwermetalleintrag an ländlichen Stationen - Daten;2002;0,3
24;NW;Nordrhein-Westfalen;Schwermetalleintrag an ländlichen Stationen;Schwermetalleintrag an ländlichen Stationen - Daten;2003;0,25
24;NW;Nordrhein-Westfalen;Schwermetalleintrag an ländlichen Stationen;Schwermetalleintrag an ländlichen Stationen - Daten;2004;0,36
24;NW;Nordrhein-Westfalen;Schwermetalleintrag an ländlichen Stationen;Schwermetalleintrag an ländlichen Stationen - Daten;2005;0,315
24;NW;Nordrhein-Westfalen;Schwermetalleintrag an ländlichen Stationen;Schwermetalleintrag an ländlichen Stationen - Daten;2006;0,27
24;NW;Nordrhein-Westfalen;Schwermetalleintrag an ländlichen Stationen;Schwermetalleintrag an ländlichen Stationen - Daten;2007;0,2
24;NW;Nordrhein-Westfalen;Schwermetalleintrag an ländlichen Stationen;Schwermetalleintrag an ländlichen Stationen - Daten;2008;0,2
24;NW;Nordrhein-Westfalen;Schwermetalleintrag an ländlichen Stationen;Schwermetalleintrag an ländlichen Stationen - Daten;2009;0,17
24;NW;Nordrhein-Westfalen;Schwermetalleintrag an ländlichen Stationen;Schwermetalleintrag an ländlichen Stationen - Daten;2010;0,15
24;NW;Nordrhein-Westfalen;Schwermetalleintrag an ländlichen Stationen;Schwermetalleintrag an ländlichen Stationen - Daten;2011;0,13
24;NW;Nordrhein-Westfalen;Schwermetalleintrag an ländlichen Stationen;Schwermetalleintrag an ländlichen Stationen - Daten;2012;0,12
24;NW;Nordrhein-Westfalen;Schwermetalleintrag an ländlichen Stationen;Schwermetalleintrag an ländlichen Stationen - Daten;2013;0,15
24;NW;Nordrhein-Westfalen;Schwermetalleintrag an ländlichen Stationen;Schwermetalleintrag an ländlichen Stationen - Daten;2014;0,1
24;NW;Nordrhein-Westfalen;Schwermetalleintrag an ländlichen Stationen;Schwermetalleintrag an ländlichen Stationen - Daten;2015;0,12
24;NW;Nordrhein-Westfalen;Schwermetalleintrag an ländlichen Stationen;Schwermetalleintrag an ländlichen Stationen - Daten;2016;0,08
25;NW;Nordrhein-Westfalen;Schwermetalleintrag an ländlichen Stationen;Schwermetalleintrag an ländlichen Stationen - Trend;2007;0,197
25;NW;Nordrhein-Westfalen;Schwermetalleintrag an ländlichen Stationen;Schwermetalleintrag an ländlichen Stationen - Trend;2008;0,18477777777778
25;NW;Nordrhein-Westfalen;Schwermetalleintrag an ländlichen Stationen;Schwermetalleintrag an ländlichen Stationen - Trend;2009;0,17255555555556
25;NW;Nordrhein-Westfalen;Schwermetalleintrag an ländlichen Stationen;Schwermetalleintrag an ländlichen Stationen - Trend;2010;0,16033333333333
25;NW;Nordrhein-Westfalen;Schwermetalleintrag an ländlichen Stationen;Schwermetalleintrag an ländlichen Stationen - Trend;2011;0,14811111111111
25;NW;Nordrhein-Westfalen;Schwermetalleintrag an ländlichen Stationen;Schwermetalleintrag an ländlichen Stationen - Trend;2012;0,13588888888889
25;NW;Nordrhein-Westfalen;Schwermetalleintrag an ländlichen Stationen;Schwermetalleintrag an ländlichen Stationen - Trend;2013;0,12366666666667
25;NW;Nordrhein-Westfalen;Schwermetalleintrag an ländlichen Stationen;Schwermetalleintrag an ländlichen Stationen - Trend;2014;0,11144444444444
25;NW;Nordrhein-Westfalen;Schwermetalleintrag an ländlichen Stationen;Schwermetalleintrag an ländlichen Stationen - Trend;2015;0,099222222222222
25;NW;Nordrhein-Westfalen;Schwermetalleintrag an ländlichen Stationen;Schwermetalleintrag an ländlichen Stationen - Trend;2016;0,087
27;NW;Nordrhein-Westfalen;Stickstoff-Flächenbilanz (Stickstoff-Überschuss der landwirtschaftlich genutzten Fläche);Stickstoff-Flächenbilanz - Daten;2003;114,5
27;NW;Nordrhein-Westfalen;Stickstoff-Flächenbilanz (Stickstoff-Überschuss der landwirtschaftlich genutzten Fläche);Stickstoff-Flächenbilanz - Daten;2004;82,2
27;NW;Nordrhein-Westfalen;Stickstoff-Flächenbilanz (Stickstoff-Überschuss der landwirtschaftlich genutzten Fläche);Stickstoff-Flächenbilanz - Daten;2005;84,6
27;NW;Nordrhein-Westfalen;Stickstoff-Flächenbilanz (Stickstoff-Überschuss der landwirtschaftlich genutzten Fläche);Stickstoff-Flächenbilanz - Daten;2006;93,2
27;NW;Nordrhein-Westfalen;Stickstoff-Flächenbilanz (Stickstoff-Überschuss der landwirtschaftlich genutzten Fläche);Stickstoff-Flächenbilanz - Daten;2007;78,8
27;NW;Nordrhein-Westfalen;Stickstoff-Flächenbilanz (Stickstoff-Überschuss der landwirtschaftlich genutzten Fläche);Stickstoff-Flächenbilanz - Daten;2008;85,9
27;NW;Nordrhein-Westfalen;Stickstoff-Flächenbilanz (Stickstoff-Überschuss der landwirtschaftlich genutzten Fläche);Stickstoff-Flächenbilanz - Daten;2009;68,4
27;NW;Nordrhein-Westfalen;Stickstoff-Flächenbilanz (Stickstoff-Überschuss der landwirtschaftlich genutzten Fläche);Stickstoff-Flächenbilanz - Daten;2010;84,5
27;NW;Nordrhein-Westfalen;Stickstoff-Flächenbilanz (Stickstoff-Überschuss der landwirtschaftlich genutzten Fläche);Stickstoff-Flächenbilanz - Daten;2011;99,4
27;NW;Nordrhein-Westfalen;Stickstoff-Flächenbilanz (Stickstoff-Überschuss der landwirtschaftlich genutzten Fläche);Stickstoff-Flächenbilanz - Daten;2012;84,8
27;NW;Nordrhein-Westfalen;Stickstoff-Flächenbilanz (Stickstoff-Überschuss der landwirtschaftlich genutzten Fläche);Stickstoff-Flächenbilanz - Daten;2013;90,4
27;NW;Nordrhein-Westfalen;Stickstoff-Flächenbilanz (Stickstoff-Überschuss der landwirtschaftlich genutzten Fläche);Stickstoff-Flächenbilanz - Daten;2014;92,6
29;NW;Nordrhein-Westfalen;Lärmbelastung;Lärmbelastung Night nicht Ballungsräume - Daten;Straße;181400
29;NW;Nordrhein-Westfalen;Lärmbelastung;Lärmbelastung Night nicht Ballungsräume - Daten;Bundesschienenwege;147500
29;NW;Nordrhein-Westfalen;Lärmbelastung;Lärmbelastung Night nicht Ballungsräume - Daten;Sonstige Schienenwege;3800
29;NW;Nordrhein-Westfalen;Lärmbelastung;Lärmbelastung Night nicht Ballungsräume - Daten;Fluglärm;8900
29;NW;Nordrhein-Westfalen;Lärmbelastung;Lärmbelastung Night nicht Ballungsräume - Daten;Industrie;0
30;NW;Nordrhein-Westfalen;Lärmbelastung;Lärmbelastung Night Ballungsräume - Daten;Straße;731600
30;NW;Nordrhein-Westfalen;Lärmbelastung;Lärmbelastung Night Ballungsräume - Daten;Bundesschienenwege;265300
30;NW;Nordrhein-Westfalen;Lärmbelastung;Lärmbelastung Night Ballungsräume - Daten;Sonstige Schienenwege;84300
30;NW;Nordrhein-Westfalen;Lärmbelastung;Lärmbelastung Night Ballungsräume - Daten;Fluglärm;3800
30;NW;Nordrhein-Westfalen;Lärmbelastung;Lärmbelastung Night Ballungsräume - Daten;Industrie;1700
37;NW;Nordrhein-Westfalen;Haushaltsabfälle und Recycling;Abfall - Haus- und Sperrmüll - Daten;1995;285,5200969
37;NW;Nordrhein-Westfalen;Haushaltsabfälle und Recycling;Abfall - Haus- und Sperrmüll - Daten;1996;276,9154736
37;NW;Nordrhein-Westfalen;Haushaltsabfälle und Recycling;Abfall - Haus- und Sperrmüll - Daten;1997;269,27055
37;NW;Nordrhein-Westfalen;Haushaltsabfälle und Recycling;Abfall - Haus- und Sperrmüll - Daten;1998;258,1284596
37;NW;Nordrhein-Westfalen;Haushaltsabfälle und Recycling;Abfall - Haus- und Sperrmüll - Daten;1999;251,1139013
37;NW;Nordrhein-Westfalen;Haushaltsabfälle und Recycling;Abfall - Haus- und Sperrmüll - Daten;2000;245,4117443
37;NW;Nordrhein-Westfalen;Haushaltsabfälle und Recycling;Abfall - Haus- und Sperrmüll - Daten;2001;236,6982758
37;NW;Nordrhein-Westfalen;Haushaltsabfälle und Recycling;Abfall - Haus- und Sperrmüll - Daten;2002;232,8880525
37;NW;Nordrhein-Westfalen;Haushaltsabfälle und Recycling;Abfall - Haus- und Sperrmüll - Daten;2003;225,1145291
37;NW;Nordrhein-Westfalen;Haushaltsabfälle und Recycling;Abfall - Haus- und Sperrmüll - Daten;2004;229,0411827
37;NW;Nordrhein-Westfalen;Haushaltsabfälle und Recycling;Abfall - Haus- und Sperrmüll - Daten;2005;228,1524003
37;NW;Nordrhein-Westfalen;Haushaltsabfälle und Recycling;Abfall - Haus- und Sperrmüll - Daten;2006;227,9692791
37;NW;Nordrhein-Westfalen;Haushaltsabfälle und Recycling;Abfall - Haus- und Sperrmüll - Daten;2007;226,2904481
37;NW;Nordrhein-Westfalen;Haushaltsabfälle und Recycling;Abfall - Haus- und Sperrmüll - Daten;2008;223,1489541
37;NW;Nordrhein-Westfalen;Haushaltsabfälle und Recycling;Abfall - Haus- und Sperrmüll - Daten;2009;226,0526477
37;NW;Nordrhein-Westfalen;Haushaltsabfälle und Recycling;Abfall - Haus- und Sperrmüll - Daten;2010;222,2466398
37;NW;Nordrhein-Westfalen;Haushaltsabfälle und Recycling;Abfall - Haus- und Sperrmüll - Daten;2011;222,7870145
37;NW;Nordrhein-Westfalen;Haushaltsabfälle und Recycling;Abfall - Haus- und Sperrmüll - Daten;2012;218,2010259
37;NW;Nordrhein-Westfalen;Haushaltsabfälle und Recycling;Abfall - Haus- und Sperrmüll - Daten;2013;213,3534573
37;NW;Nordrhein-Westfalen;Haushaltsabfälle und Recycling;Abfall - Haus- und Sperrmüll - Daten;2014;215,975405794888
37;NW;Nordrhein-Westfalen;Haushaltsabfälle und Recycling;Abfall - Haus- und Sperrmüll - Daten;2015;211,386102366145
38;NW;Nordrhein-Westfalen;Haushaltsabfälle und Recycling;Abfall-Bio- und Grünabfälle sowie werthaltige Abfälle - Daten;1995;174,329296
38;NW;Nordrhein-Westfalen;Haushaltsabfälle und Recycling;Abfall-Bio- und Grünabfälle sowie werthaltige Abfälle - Daten;1996;190,553505
38;NW;Nordrhein-Westfalen;Haushaltsabfälle und Recycling;Abfall-Bio- und Grünabfälle sowie werthaltige Abfälle - Daten;1997;203,0656007
38;NW;Nordrhein-Westfalen;Haushaltsabfälle und Recycling;Abfall-Bio- und Grünabfälle sowie werthaltige Abfälle - Daten;1998;208,6167508
38;NW;Nordrhein-Westfalen;Haushaltsabfälle und Recycling;Abfall-Bio- und Grünabfälle sowie werthaltige Abfälle - Daten;1999;228,8914321
38;NW;Nordrhein-Westfalen;Haushaltsabfälle und Recycling;Abfall-Bio- und Grünabfälle sowie werthaltige Abfälle - Daten;2000;233,1966801
38;NW;Nordrhein-Westfalen;Haushaltsabfälle und Recycling;Abfall-Bio- und Grünabfälle sowie werthaltige Abfälle - Daten;2001;228,9558089
38;NW;Nordrhein-Westfalen;Haushaltsabfälle und Recycling;Abfall-Bio- und Grünabfälle sowie werthaltige Abfälle - Daten;2002;236,2071221
38;NW;Nordrhein-Westfalen;Haushaltsabfälle und Recycling;Abfall-Bio- und Grünabfälle sowie werthaltige Abfälle - Daten;2003;228,9862777
38;NW;Nordrhein-Westfalen;Haushaltsabfälle und Recycling;Abfall-Bio- und Grünabfälle sowie werthaltige Abfälle - Daten;2004;235,126818
38;NW;Nordrhein-Westfalen;Haushaltsabfälle und Recycling;Abfall-Bio- und Grünabfälle sowie werthaltige Abfälle - Daten;2005;234,2438478
38;NW;Nordrhein-Westfalen;Haushaltsabfälle und Recycling;Abfall-Bio- und Grünabfälle sowie werthaltige Abfälle - Daten;2006;242,3906933
38;NW;Nordrhein-Westfalen;Haushaltsabfälle und Recycling;Abfall-Bio- und Grünabfälle sowie werthaltige Abfälle - Daten;2007;245,466292
38;NW;Nordrhein-Westfalen;Haushaltsabfälle und Recycling;Abfall-Bio- und Grünabfälle sowie werthaltige Abfälle - Daten;2008;242,2478716
38;NW;Nordrhein-Westfalen;Haushaltsabfälle und Recycling;Abfall-Bio- und Grünabfälle sowie werthaltige Abfälle - Daten;2009;241,3369857
38;NW;Nordrhein-Westfalen;Haushaltsabfälle und Recycling;Abfall-Bio- und Grünabfälle sowie werthaltige Abfälle - Daten;2010;236,0502416
38;NW;Nordrhein-Westfalen;Haushaltsabfälle und Recycling;Abfall-Bio- und Grünabfälle sowie werthaltige Abfälle - Daten;2011;241,8806921
38;NW;Nordrhein-Westfalen;Haushaltsabfälle und Recycling;Abfall-Bio- und Grünabfälle sowie werthaltige Abfälle - Daten;2012;252,844682
38;NW;Nordrhein-Westfalen;Haushaltsabfälle und Recycling;Abfall-Bio- und Grünabfälle sowie werthaltige Abfälle - Daten;2013;249,3466399
38;NW;Nordrhein-Westfalen;Haushaltsabfälle und Recycling;Abfall-Bio- und Grünabfälle sowie werthaltige Abfälle - Daten;2014;263,602371809024
38;NW;Nordrhein-Westfalen;Haushaltsabfälle und Recycling;Abfall-Bio- und Grünabfälle sowie werthaltige Abfälle - Daten;2015;256,04184228432
39;NW;Nordrhein-Westfalen;Haushaltsabfälle und Recycling;Abfall - Recyclingquote - Daten;1995;36
39;NW;Nordrhein-Westfalen;Haushaltsabfälle und Recycling;Abfall - Recyclingquote - Daten;1996;39
39;NW;Nordrhein-Westfalen;Haushaltsabfälle und Recycling;Abfall - Recyclingquote - Daten;1997;41
39;NW;Nordrhein-Westfalen;Haushaltsabfälle und Recycling;Abfall - Recyclingquote - Daten;1998;44
39;NW;Nordrhein-Westfalen;Haushaltsabfälle und Recycling;Abfall - Recyclingquote - Daten;1999;45
39;NW;Nordrhein-Westfalen;Haushaltsabfälle und Recycling;Abfall - Recyclingquote - Daten;2000;45
39;NW;Nordrhein-Westfalen;Haushaltsabfälle und Recycling;Abfall - Recyclingquote - Daten;2001;45
39;NW;Nordrhein-Westfalen;Haushaltsabfälle und Recycling;Abfall - Recyclingquote - Daten;2002;47
39;NW;Nordrhein-Westfalen;Haushaltsabfälle und Recycling;Abfall - Recyclingquote - Daten;2003;45
39;NW;Nordrhein-Westfalen;Haushaltsabfälle und Recycling;Abfall - Recyclingquote - Daten;2004;46
39;NW;Nordrhein-Westfalen;Haushaltsabfälle und Recycling;Abfall - Recyclingquote - Daten;2005;46
39;NW;Nordrhein-Westfalen;Haushaltsabfälle und Recycling;Abfall - Recyclingquote - Daten;2006;47
39;NW;Nordrhein-Westfalen;Haushaltsabfälle und Recycling;Abfall - Recyclingquote - Daten;2007;47
39;NW;Nordrhein-Westfalen;Haushaltsabfälle und Recycling;Abfall - Recyclingquote - Daten;2008;48
39;NW;Nordrhein-Westfalen;Haushaltsabfälle und Recycling;Abfall - Recyclingquote - Daten;2009;48
39;NW;Nordrhein-Westfalen;Haushaltsabfälle und Recycling;Abfall - Recyclingquote - Daten;2010;48
39;NW;Nordrhein-Westfalen;Haushaltsabfälle und Recycling;Abfall - Recyclingquote - Daten;2011;48
39;NW;Nordrhein-Westfalen;Haushaltsabfälle und Recycling;Abfall - Recyclingquote - Daten;2012;49
39;NW;Nordrhein-Westfalen;Haushaltsabfälle und Recycling;Abfall - Recyclingquote - Daten;2013;50
39;NW;Nordrhein-Westfalen;Haushaltsabfälle und Recycling;Abfall - Recyclingquote - Daten;2014;51
39;NW;Nordrhein-Westfalen;Haushaltsabfälle und Recycling;Abfall - Recyclingquote - Daten;2015;50
40;NW;Nordrhein-Westfalen;Haushaltsabfälle und Recycling;Abfall - Recyclingquote - Trend;2006;46,75
40;NW;Nordrhein-Westfalen;Haushaltsabfälle und Recycling;Abfall - Recyclingquote - Trend;2007;47,161111111111
40;NW;Nordrhein-Westfalen;Haushaltsabfälle und Recycling;Abfall - Recyclingquote - Trend;2008;47,572222222222
40;NW;Nordrhein-Westfalen;Haushaltsabfälle und Recycling;Abfall - Recyclingquote - Trend;2009;47,983333333333
40;NW;Nordrhein-Westfalen;Haushaltsabfälle und Recycling;Abfall - Recyclingquote - Trend;2010;48,394444444444
40;NW;Nordrhein-Westfalen;Haushaltsabfälle und Recycling;Abfall - Recyclingquote - Trend;2011;48,805555555556
40;NW;Nordrhein-Westfalen;Haushaltsabfälle und Recycling;Abfall - Recyclingquote - Trend;2012;49,216666666667
40;NW;Nordrhein-Westfalen;Haushaltsabfälle und Recycling;Abfall - Recyclingquote - Trend;2013;49,627777777778
40;NW;Nordrhein-Westfalen;Haushaltsabfälle und Recycling;Abfall - Recyclingquote - Trend;2014;50,038888888889
40;NW;Nordrhein-Westfalen;Haushaltsabfälle und Recycling;Abfall - Recyclingquote - Trend;2015;50,45
41;NW;Nordrhein-Westfalen;Gefährdete Arten ;Gefährdete Arten - Ausgestorben;1979<br>n=2960;5
41;NW;Nordrhein-Westfalen;Gefährdete Arten ;Gefährdete Arten - Ausgestorben;1986<br>n=2964;6,3
41;NW;Nordrhein-Westfalen;Gefährdete Arten ;Gefährdete Arten - Ausgestorben;1999<br>n=3041;8,2
41;NW;Nordrhein-Westfalen;Gefährdete Arten ;Gefährdete Arten - Ausgestorben;2011<br>n=3088;9,4
42;NW;Nordrhein-Westfalen;Gefährdete Arten ;Gefährdete Arten - extrem selten;1979<br>n=2960;0
42;NW;Nordrhein-Westfalen;Gefährdete Arten ;Gefährdete Arten - extrem selten;1986<br>n=2964;0
42;NW;Nordrhein-Westfalen;Gefährdete Arten ;Gefährdete Arten - extrem selten;1999<br>n=3041;2,6
42;NW;Nordrhein-Westfalen;Gefährdete Arten ;Gefährdete Arten - extrem selten;2011<br>n=3088;1,7
44;NW;Nordrhein-Westfalen;Gefährdete Arten ;Gefährdete Arten - vom aussterben bedroht;1979<br>n=2960;8,8
44;NW;Nordrhein-Westfalen;Gefährdete Arten ;Gefährdete Arten - vom aussterben bedroht;1986<br>n=2964;10,9
44;NW;Nordrhein-Westfalen;Gefährdete Arten ;Gefährdete Arten - vom aussterben bedroht;1999<br>n=3041;9,1
44;NW;Nordrhein-Westfalen;Gefährdete Arten ;Gefährdete Arten - vom aussterben bedroht;2011<br>n=3088;8,7
45;NW;Nordrhein-Westfalen;Gefährdete Arten ;Gefährdete Arten - Stark gefährdet;1979<br>n=2960;11,1
45;NW;Nordrhein-Westfalen;Gefährdete Arten ;Gefährdete Arten - Stark gefährdet;1986<br>n=2964;13,3
45;NW;Nordrhein-Westfalen;Gefährdete Arten ;Gefährdete Arten - Stark gefährdet;1999<br>n=3041;13
45;NW;Nordrhein-Westfalen;Gefährdete Arten ;Gefährdete Arten - Stark gefährdet;2011<br>n=3088;11,9
46;NW;Nordrhein-Westfalen;Gefährdete Arten ;Gefährdete Arten - Gefärdet;1979<br>n=2960;13
46;NW;Nordrhein-Westfalen;Gefährdete Arten ;Gefährdete Arten - Gefärdet;1986<br>n=2964;12,7
46;NW;Nordrhein-Westfalen;Gefährdete Arten ;Gefährdete Arten - Gefärdet;1999<br>n=3041;15,7
46;NW;Nordrhein-Westfalen;Gefährdete Arten ;Gefährdete Arten - Gefärdet;2011<br>n=3088;14,2
47;NW;Nordrhein-Westfalen;Gefährdete Arten ;Gefährdete Arten - nicht rote Liste;1979<br>n=2960;62,2
47;NW;Nordrhein-Westfalen;Gefährdete Arten ;Gefährdete Arten - nicht rote Liste;1986<br>n=2964;56,9
47;NW;Nordrhein-Westfalen;Gefährdete Arten ;Gefährdete Arten - nicht rote Liste;1999<br>n=3041;51,4
47;NW;Nordrhein-Westfalen;Gefährdete Arten ;Gefährdete Arten - nicht rote Liste;2011<br>n=3088;53,4
48;NW;Nordrhein-Westfalen;Naturschutzflächen ;Naturschutzflächen - Daten;1920;0
48;NW;Nordrhein-Westfalen;Naturschutzflächen ;Naturschutzflächen - Daten;1921;0,01
48;NW;Nordrhein-Westfalen;Naturschutzflächen ;Naturschutzflächen - Daten;1922;0,15
48;NW;Nordrhein-Westfalen;Naturschutzflächen ;Naturschutzflächen - Daten;1923;0,15
48;NW;Nordrhein-Westfalen;Naturschutzflächen ;Naturschutzflächen - Daten;1924;0,15
48;NW;Nordrhein-Westfalen;Naturschutzflächen ;Naturschutzflächen - Daten;1925;0,15
48;NW;Nordrhein-Westfalen;Naturschutzflächen ;Naturschutzflächen - Daten;1926;0,15
48;NW;Nordrhein-Westfalen;Naturschutzflächen ;Naturschutzflächen - Daten;1927;0,15
48;NW;Nordrhein-Westfalen;Naturschutzflächen ;Naturschutzflächen - Daten;1928;0,15
48;NW;Nordrhein-Westfalen;Naturschutzflächen ;Naturschutzflächen - Daten;1929;0,15
48;NW;Nordrhein-Westfalen;Naturschutzflächen ;Naturschutzflächen - Daten;1930;0,23
48;NW;Nordrhein-Westfalen;Naturschutzflächen ;Naturschutzflächen - Daten;1931;0,23
48;NW;Nordrhein-Westfalen;Naturschutzflächen ;Naturschutzflächen - Daten;1932;0,24
48;NW;Nordrhein-Westfalen;Naturschutzflächen ;Naturschutzflächen - Daten;1933;0,24
48;NW;Nordrhein-Westfalen;Naturschutzflächen ;Naturschutzflächen - Daten;1934;0,24
48;NW;Nordrhein-Westfalen;Naturschutzflächen ;Naturschutzflächen - Daten;1935;0,24
48;NW;Nordrhein-Westfalen;Naturschutzflächen ;Naturschutzflächen - Daten;1936;0,31
48;NW;Nordrhein-Westfalen;Naturschutzflächen ;Naturschutzflächen - Daten;1937;0,33
48;NW;Nordrhein-Westfalen;Naturschutzflächen ;Naturschutzflächen - Daten;1938;0,36
48;NW;Nordrhein-Westfalen;Naturschutzflächen ;Naturschutzflächen - Daten;1939;0,38
48;NW;Nordrhein-Westfalen;Naturschutzflächen ;Naturschutzflächen - Daten;1940;0,43
48;NW;Nordrhein-Westfalen;Naturschutzflächen ;Naturschutzflächen - Daten;1941;0,48
48;NW;Nordrhein-Westfalen;Naturschutzflächen ;Naturschutzflächen - Daten;1942;0,51
48;NW;Nordrhein-Westfalen;Naturschutzflächen ;Naturschutzflächen - Daten;1943;0,52
48;NW;Nordrhein-Westfalen;Naturschutzflächen ;Naturschutzflächen - Daten;1944;0,52
48;NW;Nordrhein-Westfalen;Naturschutzflächen ;Naturschutzflächen - Daten;1945;0,52
48;NW;Nordrhein-Westfalen;Naturschutzflächen ;Naturschutzflächen - Daten;1946;0,52
48;NW;Nordrhein-Westfalen;Naturschutzflächen ;Naturschutzflächen - Daten;1947;0,52
48;NW;Nordrhein-Westfalen;Naturschutzflächen ;Naturschutzflächen - Daten;1948;0,52
48;NW;Nordrhein-Westfalen;Naturschutzflächen ;Naturschutzflächen - Daten;1949;0,54
48;NW;Nordrhein-Westfalen;Naturschutzflächen ;Naturschutzflächen - Daten;1950;0,55
48;NW;Nordrhein-Westfalen;Naturschutzflächen ;Naturschutzflächen - Daten;1951;0,56
48;NW;Nordrhein-Westfalen;Naturschutzflächen ;Naturschutzflächen - Daten;1952;0,57
48;NW;Nordrhein-Westfalen;Naturschutzflächen ;Naturschutzflächen - Daten;1953;0,61
48;NW;Nordrhein-Westfalen;Naturschutzflächen ;Naturschutzflächen - Daten;1954;0,62
48;NW;Nordrhein-Westfalen;Naturschutzflächen ;Naturschutzflächen - Daten;1955;0,64
48;NW;Nordrhein-Westfalen;Naturschutzflächen ;Naturschutzflächen - Daten;1956;0,67
48;NW;Nordrhein-Westfalen;Naturschutzflächen ;Naturschutzflächen - Daten;1957;0,69
48;NW;Nordrhein-Westfalen;Naturschutzflächen ;Naturschutzflächen - Daten;1958;0,69
48;NW;Nordrhein-Westfalen;Naturschutzflächen ;Naturschutzflächen - Daten;1959;0,7
48;NW;Nordrhein-Westfalen;Naturschutzflächen ;Naturschutzflächen - Daten;1960;0,71
48;NW;Nordrhein-Westfalen;Naturschutzflächen ;Naturschutzflächen - Daten;1961;0,73
48;NW;Nordrhein-Westfalen;Naturschutzflächen ;Naturschutzflächen - Daten;1962;0,74
48;NW;Nordrhein-Westfalen;Naturschutzflächen ;Naturschutzflächen - Daten;1963;0,75
48;NW;Nordrhein-Westfalen;Naturschutzflächen ;Naturschutzflächen - Daten;1964;0,76
48;NW;Nordrhein-Westfalen;Naturschutzflächen ;Naturschutzflächen - Daten;1965;0,77
48;NW;Nordrhein-Westfalen;Naturschutzflächen ;Naturschutzflächen - Daten;1966;0,77
48;NW;Nordrhein-Westfalen;Naturschutzflächen ;Naturschutzflächen - Daten;1967;0,78
48;NW;Nordrhein-Westfalen;Naturschutzflächen ;Naturschutzflächen - Daten;1968;0,84
48;NW;Nordrhein-Westfalen;Naturschutzflächen ;Naturschutzflächen - Daten;1969;0,86
48;NW;Nordrhein-Westfalen;Naturschutzflächen ;Naturschutzflächen - Daten;1970;0,89
48;NW;Nordrhein-Westfalen;Naturschutzflächen ;Naturschutzflächen - Daten;1971;0,9
48;NW;Nordrhein-Westfalen;Naturschutzflächen ;Naturschutzflächen - Daten;1972;0,9
48;NW;Nordrhein-Westfalen;Naturschutzflächen ;Naturschutzflächen - Daten;1973;0,9
48;NW;Nordrhein-Westfalen;Naturschutzflächen ;Naturschutzflächen - Daten;1974;0,92
48;NW;Nordrhein-Westfalen;Naturschutzflächen ;Naturschutzflächen - Daten;1975;0,93
48;NW;Nordrhein-Westfalen;Naturschutzflächen ;Naturschutzflächen - Daten;1976;0,94
48;NW;Nordrhein-Westfalen;Naturschutzflächen ;Naturschutzflächen - Daten;1977;0,94
48;NW;Nordrhein-Westfalen;Naturschutzflächen ;Naturschutzflächen - Daten;1978;0,96
48;NW;Nordrhein-Westfalen;Naturschutzflächen ;Naturschutzflächen - Daten;1979;1,04
48;NW;Nordrhein-Westfalen;Naturschutzflächen ;Naturschutzflächen - Daten;1980;1,07
48;NW;Nordrhein-Westfalen;Naturschutzflächen ;Naturschutzflächen - Daten;1981;1,41
48;NW;Nordrhein-Westfalen;Naturschutzflächen ;Naturschutzflächen - Daten;1982;1,53
48;NW;Nordrhein-Westfalen;Naturschutzflächen ;Naturschutzflächen - Daten;1983;1,69
48;NW;Nordrhein-Westfalen;Naturschutzflächen ;Naturschutzflächen - Daten;1984;1,74
48;NW;Nordrhein-Westfalen;Naturschutzflächen ;Naturschutzflächen - Daten;1985;1,86
48;NW;Nordrhein-Westfalen;Naturschutzflächen ;Naturschutzflächen - Daten;1986;2,02
48;NW;Nordrhein-Westfalen;Naturschutzflächen ;Naturschutzflächen - Daten;1987;2,17
48;NW;Nordrhein-Westfalen;Naturschutzflächen ;Naturschutzflächen - Daten;1988;2,45
48;NW;Nordrhein-Westfalen;Naturschutzflächen ;Naturschutzflächen - Daten;1989;2,71
48;NW;Nordrhein-Westfalen;Naturschutzflächen ;Naturschutzflächen - Daten;1990;2,88
48;NW;Nordrhein-Westfalen;Naturschutzflächen ;Naturschutzflächen - Daten;1991;3,22
48;NW;Nordrhein-Westfalen;Naturschutzflächen ;Naturschutzflächen - Daten;1992;3,47
48;NW;Nordrhein-Westfalen;Naturschutzflächen ;Naturschutzflächen - Daten;1993;3,7
48;NW;Nordrhein-Westfalen;Naturschutzflächen ;Naturschutzflächen - Daten;1994;3,87
48;NW;Nordrhein-Westfalen;Naturschutzflächen ;Naturschutzflächen - Daten;1995;4,03
48;NW;Nordrhein-Westfalen;Naturschutzflächen ;Naturschutzflächen - Daten;1996;4,16
48;NW;Nordrhein-Westfalen;Naturschutzflächen ;Naturschutzflächen - Daten;1997;4,44
48;NW;Nordrhein-Westfalen;Naturschutzflächen ;Naturschutzflächen - Daten;1998;4,56
48;NW;Nordrhein-Westfalen;Naturschutzflächen ;Naturschutzflächen - Daten;1999;4,71
48;NW;Nordrhein-Westfalen;Naturschutzflächen ;Naturschutzflächen - Daten;2000;4,88
48;NW;Nordrhein-Westfalen;Naturschutzflächen ;Naturschutzflächen - Daten;2001;5,1
48;NW;Nordrhein-Westfalen;Naturschutzflächen ;Naturschutzflächen - Daten;2002;5,44
48;NW;Nordrhein-Westfalen;Naturschutzflächen ;Naturschutzflächen - Daten;2003;5,7
48;NW;Nordrhein-Westfalen;Naturschutzflächen ;Naturschutzflächen - Daten;2004;6,51
48;NW;Nordrhein-Westfalen;Naturschutzflächen ;Naturschutzflächen - Daten;2005;7,03
48;NW;Nordrhein-Westfalen;Naturschutzflächen ;Naturschutzflächen - Daten;2006;7,34
48;NW;Nordrhein-Westfalen;Naturschutzflächen ;Naturschutzflächen - Daten;2007;7,54
48;NW;Nordrhein-Westfalen;Naturschutzflächen ;Naturschutzflächen - Daten;2008;7,56
48;NW;Nordrhein-Westfalen;Naturschutzflächen ;Naturschutzflächen - Daten;2009;7,73
48;NW;Nordrhein-Westfalen;Naturschutzflächen ;Naturschutzflächen - Daten;2010;7,85
48;NW;Nordrhein-Westfalen;Naturschutzflächen ;Naturschutzflächen - Daten;2011;7,9
48;NW;Nordrhein-Westfalen;Naturschutzflächen ;Naturschutzflächen - Daten;2012;7,9
48;NW;Nordrhein-Westfalen;Naturschutzflächen ;Naturschutzflächen - Daten;2013;8
48;NW;Nordrhein-Westfalen;Naturschutzflächen ;Naturschutzflächen - Daten;2014;8,04
48;NW;Nordrhein-Westfalen;Naturschutzflächen ;Naturschutzflächen - Daten;2015;8,1
48;NW;Nordrhein-Westfalen;Naturschutzflächen ;Naturschutzflächen - Daten;2016;8,3
49;NW;Nordrhein-Westfalen;Naturschutzflächen ;Naturschutzflächen - Trend;2007;7,55
49;NW;Nordrhein-Westfalen;Naturschutzflächen ;Naturschutzflächen - Trend;2008;7,6266666666667
49;NW;Nordrhein-Westfalen;Naturschutzflächen ;Naturschutzflächen - Trend;2009;7,7033333333333
49;NW;Nordrhein-Westfalen;Naturschutzflächen ;Naturschutzflächen - Trend;2010;7,78
49;NW;Nordrhein-Westfalen;Naturschutzflächen ;Naturschutzflächen - Trend;2011;7,8566666666667
49;NW;Nordrhein-Westfalen;Naturschutzflächen ;Naturschutzflächen - Trend;2012;7,9333333333333
49;NW;Nordrhein-Westfalen;Naturschutzflächen ;Naturschutzflächen - Trend;2013;8,01
49;NW;Nordrhein-Westfalen;Naturschutzflächen ;Naturschutzflächen - Trend;2014;8,0866666666667
49;NW;Nordrhein-Westfalen;Naturschutzflächen ;Naturschutzflächen - Trend;2015;8,1633333333333
49;NW;Nordrhein-Westfalen;Naturschutzflächen ;Naturschutzflächen - Trend;2016;8,24
58;NW;Nordrhein-Westfalen;Stickstoff- und Säureeintrag ;Stickstoffeintrag - Daten;1983;26
58;NW;Nordrhein-Westfalen;Stickstoff- und Säureeintrag ;Stickstoffeintrag - Daten;1984;27,7
58;NW;Nordrhein-Westfalen;Stickstoff- und Säureeintrag ;Stickstoffeintrag - Daten;1985;26,5
58;NW;Nordrhein-Westfalen;Stickstoff- und Säureeintrag ;Stickstoffeintrag - Daten;1986;33,4
58;NW;Nordrhein-Westfalen;Stickstoff- und Säureeintrag ;Stickstoffeintrag - Daten;1987;32,7
58;NW;Nordrhein-Westfalen;Stickstoff- und Säureeintrag ;Stickstoffeintrag - Daten;1988;30,4
58;NW;Nordrhein-Westfalen;Stickstoff- und Säureeintrag ;Stickstoffeintrag - Daten;1989;36,1
58;NW;Nordrhein-Westfalen;Stickstoff- und Säureeintrag ;Stickstoffeintrag - Daten;1990;28
58;NW;Nordrhein-Westfalen;Stickstoff- und Säureeintrag ;Stickstoffeintrag - Daten;1991;26,9
58;NW;Nordrhein-Westfalen;Stickstoff- und Säureeintrag ;Stickstoffeintrag - Daten;1992;29,6
58;NW;Nordrhein-Westfalen;Stickstoff- und Säureeintrag ;Stickstoffeintrag - Daten;1993;28,8
58;NW;Nordrhein-Westfalen;Stickstoff- und Säureeintrag ;Stickstoffeintrag - Daten;1994;28,2
58;NW;Nordrhein-Westfalen;Stickstoff- und Säureeintrag ;Stickstoffeintrag - Daten;1995;31,8
58;NW;Nordrhein-Westfalen;Stickstoff- und Säureeintrag ;Stickstoffeintrag - Daten;1996;27,5
58;NW;Nordrhein-Westfalen;Stickstoff- und Säureeintrag ;Stickstoffeintrag - Daten;1997;27,8
58;NW;Nordrhein-Westfalen;Stickstoff- und Säureeintrag ;Stickstoffeintrag - Daten;1998;28,1
58;NW;Nordrhein-Westfalen;Stickstoff- und Säureeintrag ;Stickstoffeintrag - Daten;1999;26,7
58;NW;Nordrhein-Westfalen;Stickstoff- und Säureeintrag ;Stickstoffeintrag - Daten;2000;26,7
58;NW;Nordrhein-Westfalen;Stickstoff- und Säureeintrag ;Stickstoffeintrag - Daten;2001;24,4
58;NW;Nordrhein-Westfalen;Stickstoff- und Säureeintrag ;Stickstoffeintrag - Daten;2002;23,7
58;NW;Nordrhein-Westfalen;Stickstoff- und Säureeintrag ;Stickstoffeintrag - Daten;2003;21,5
58;NW;Nordrhein-Westfalen;Stickstoff- und Säureeintrag ;Stickstoffeintrag - Daten;2004;20,7
58;NW;Nordrhein-Westfalen;Stickstoff- und Säureeintrag ;Stickstoffeintrag - Daten;2005;22,6
58;NW;Nordrhein-Westfalen;Stickstoff- und Säureeintrag ;Stickstoffeintrag - Daten;2006;21,2
58;NW;Nordrhein-Westfalen;Stickstoff- und Säureeintrag ;Stickstoffeintrag - Daten;2007;22
58;NW;Nordrhein-Westfalen;Stickstoff- und Säureeintrag ;Stickstoffeintrag - Daten;2008;18,6
58;NW;Nordrhein-Westfalen;Stickstoff- und Säureeintrag ;Stickstoffeintrag - Daten;2009;20,9
58;NW;Nordrhein-Westfalen;Stickstoff- und Säureeintrag ;Stickstoffeintrag - Daten;2010;22,1
58;NW;Nordrhein-Westfalen;Stickstoff- und Säureeintrag ;Stickstoffeintrag - Daten;2011;21,3
58;NW;Nordrhein-Westfalen;Stickstoff- und Säureeintrag ;Stickstoffeintrag - Daten;2012;20,4
58;NW;Nordrhein-Westfalen;Stickstoff- und Säureeintrag ;Stickstoffeintrag - Daten;2013;18,1
58;NW;Nordrhein-Westfalen;Stickstoff- und Säureeintrag ;Stickstoffeintrag - Daten;2014;18,5
58;NW;Nordrhein-Westfalen;Stickstoff- und Säureeintrag ;Stickstoffeintrag - Daten;2015;19,54
58;NW;Nordrhein-Westfalen;Stickstoff- und Säureeintrag ;Stickstoffeintrag - Daten;2016;20,99
59;NW;Nordrhein-Westfalen;Stickstoff- und Säureeintrag ;Stickstoffeintrag - Trend;2007;20,99
59;NW;Nordrhein-Westfalen;Stickstoff- und Säureeintrag ;Stickstoffeintrag - Trend;2008;20,824444444444
59;NW;Nordrhein-Westfalen;Stickstoff- und Säureeintrag ;Stickstoffeintrag - Trend;2009;20,658888888889
59;NW;Nordrhein-Westfalen;Stickstoff- und Säureeintrag ;Stickstoffeintrag - Trend;2010;20,493333333333
59;NW;Nordrhein-Westfalen;Stickstoff- und Säureeintrag ;Stickstoffeintrag - Trend;2011;20,327777777778
59;NW;Nordrhein-Westfalen;Stickstoff- und Säureeintrag ;Stickstoffeintrag - Trend;2012;20,162222222222
59;NW;Nordrhein-Westfalen;Stickstoff- und Säureeintrag ;Stickstoffeintrag - Trend;2013;19,996666666667
59;NW;Nordrhein-Westfalen;Stickstoff- und Säureeintrag ;Stickstoffeintrag - Trend;2014;19,831111111111
59;NW;Nordrhein-Westfalen;Stickstoff- und Säureeintrag ;Stickstoffeintrag - Trend;2015;19,665555555556
59;NW;Nordrhein-Westfalen;Stickstoff- und Säureeintrag ;Stickstoffeintrag - Trend;2016;19,5
60;NW;Nordrhein-Westfalen;Stickstoff- und Säureeintrag ;Säureeintrag - Daten;1983;3,73
60;NW;Nordrhein-Westfalen;Stickstoff- und Säureeintrag ;Säureeintrag - Daten;1984;3,97
60;NW;Nordrhein-Westfalen;Stickstoff- und Säureeintrag ;Säureeintrag - Daten;1985;3,61
60;NW;Nordrhein-Westfalen;Stickstoff- und Säureeintrag ;Säureeintrag - Daten;1986;3,90
60;NW;Nordrhein-Westfalen;Stickstoff- und Säureeintrag ;Säureeintrag - Daten;1987;4,20
60;NW;Nordrhein-Westfalen;Stickstoff- und Säureeintrag ;Säureeintrag - Daten;1988;3,83
60;NW;Nordrhein-Westfalen;Stickstoff- und Säureeintrag ;Säureeintrag - Daten;1989;3,57
60;NW;Nordrhein-Westfalen;Stickstoff- und Säureeintrag ;Säureeintrag - Daten;1990;2,55
60;NW;Nordrhein-Westfalen;Stickstoff- und Säureeintrag ;Säureeintrag - Daten;1991;2,61
60;NW;Nordrhein-Westfalen;Stickstoff- und Säureeintrag ;Säureeintrag - Daten;1992;3,01
60;NW;Nordrhein-Westfalen;Stickstoff- und Säureeintrag ;Säureeintrag - Daten;1993;2,67
60;NW;Nordrhein-Westfalen;Stickstoff- und Säureeintrag ;Säureeintrag - Daten;1994;2,42
60;NW;Nordrhein-Westfalen;Stickstoff- und Säureeintrag ;Säureeintrag - Daten;1995;2,81
60;NW;Nordrhein-Westfalen;Stickstoff- und Säureeintrag ;Säureeintrag - Daten;1996;2,46
60;NW;Nordrhein-Westfalen;Stickstoff- und Säureeintrag ;Säureeintrag - Daten;1997;2,54
60;NW;Nordrhein-Westfalen;Stickstoff- und Säureeintrag ;Säureeintrag - Daten;1998;2,66
60;NW;Nordrhein-Westfalen;Stickstoff- und Säureeintrag ;Säureeintrag - Daten;1999;2,29
60;NW;Nordrhein-Westfalen;Stickstoff- und Säureeintrag ;Säureeintrag - Daten;2000;2,43
60;NW;Nordrhein-Westfalen;Stickstoff- und Säureeintrag ;Säureeintrag - Daten;2001;2,22
60;NW;Nordrhein-Westfalen;Stickstoff- und Säureeintrag ;Säureeintrag - Daten;2002;2,26
60;NW;Nordrhein-Westfalen;Stickstoff- und Säureeintrag ;Säureeintrag - Daten;2003;1,89
60;NW;Nordrhein-Westfalen;Stickstoff- und Säureeintrag ;Säureeintrag - Daten;2004;1,89
60;NW;Nordrhein-Westfalen;Stickstoff- und Säureeintrag ;Säureeintrag - Daten;2005;1,92
60;NW;Nordrhein-Westfalen;Stickstoff- und Säureeintrag ;Säureeintrag - Daten;2006;1,78
60;NW;Nordrhein-Westfalen;Stickstoff- und Säureeintrag ;Säureeintrag - Daten;2007;1,79
60;NW;Nordrhein-Westfalen;Stickstoff- und Säureeintrag ;Säureeintrag - Daten;2008;1,46
60;NW;Nordrhein-Westfalen;Stickstoff- und Säureeintrag ;Säureeintrag - Daten;2009;1,69
60;NW;Nordrhein-Westfalen;Stickstoff- und Säureeintrag ;Säureeintrag - Daten;2010;1,70
60;NW;Nordrhein-Westfalen;Stickstoff- und Säureeintrag ;Säureeintrag - Daten;2011;1,76
60;NW;Nordrhein-Westfalen;Stickstoff- und Säureeintrag ;Säureeintrag - Daten;2012;1,64
60;NW;Nordrhein-Westfalen;Stickstoff- und Säureeintrag ;Säureeintrag - Daten;2013;1,40
60;NW;Nordrhein-Westfalen;Stickstoff- und Säureeintrag ;Säureeintrag - Daten;2014;1,47
60;NW;Nordrhein-Westfalen;Stickstoff- und Säureeintrag ;Säureeintrag - Daten;2015;1,53
60;NW;Nordrhein-Westfalen;Stickstoff- und Säureeintrag ;Säureeintrag - Daten;2016;1,44
61;NW;Nordrhein-Westfalen;Stickstoff- und Säureeintrag ;Säureeintrag - Trend;2007;1,72
61;NW;Nordrhein-Westfalen;Stickstoff- und Säureeintrag ;Säureeintrag - Trend;2008;1,6911111111111
61;NW;Nordrhein-Westfalen;Stickstoff- und Säureeintrag ;Säureeintrag - Trend;2009;1,6622222222222
61;NW;Nordrhein-Westfalen;Stickstoff- und Säureeintrag ;Säureeintrag - Trend;2010;1,6333333333333
61;NW;Nordrhein-Westfalen;Stickstoff- und Säureeintrag ;Säureeintrag - Trend;2011;1,6044444444444
61;NW;Nordrhein-Westfalen;Stickstoff- und Säureeintrag ;Säureeintrag - Trend;2012;1,5755555555556
61;NW;Nordrhein-Westfalen;Stickstoff- und Säureeintrag ;Säureeintrag - Trend;2013;1,5466666666667
61;NW;Nordrhein-Westfalen;Stickstoff- und Säureeintrag ;Säureeintrag - Trend;2014;1,5177777777778
61;NW;Nordrhein-Westfalen;Stickstoff- und Säureeintrag ;Säureeintrag - Trend;2015;1,4888888888889
61;NW;Nordrhein-Westfalen;Stickstoff- und Säureeintrag ;Säureeintrag - Trend;2016;1,46
62;NW;Nordrhein-Westfalen;Landwirtschaftsflächen mit hohem Naturwert;HNV I = äußerst hoher Narturwert;2009;2,1
62;NW;Nordrhein-Westfalen;Landwirtschaftsflächen mit hohem Naturwert;HNV I = äußerst hoher Narturwert;2010;2,1
62;NW;Nordrhein-Westfalen;Landwirtschaftsflächen mit hohem Naturwert;HNV I = äußerst hoher Narturwert;2011;2,1
62;NW;Nordrhein-Westfalen;Landwirtschaftsflächen mit hohem Naturwert;HNV I = äußerst hoher Narturwert;2012;2,1
62;NW;Nordrhein-Westfalen;Landwirtschaftsflächen mit hohem Naturwert;HNV I = äußerst hoher Narturwert;2013;2,1
62;NW;Nordrhein-Westfalen;Landwirtschaftsflächen mit hohem Naturwert;HNV I = äußerst hoher Narturwert;2014;2,2
62;NW;Nordrhein-Westfalen;Landwirtschaftsflächen mit hohem Naturwert;HNV I = äußerst hoher Narturwert;2015;2,2
63;NW;Nordrhein-Westfalen;Landwirtschaftsflächen mit hohem Naturwert;HNV II = sehr hoher Narturwert;2009;4,1
63;NW;Nordrhein-Westfalen;Landwirtschaftsflächen mit hohem Naturwert;HNV II = sehr hoher Narturwert;2010;4,1
63;NW;Nordrhein-Westfalen;Landwirtschaftsflächen mit hohem Naturwert;HNV II = sehr hoher Narturwert;2011;4,1
63;NW;Nordrhein-Westfalen;Landwirtschaftsflächen mit hohem Naturwert;HNV II = sehr hoher Narturwert;2012;4,2
63;NW;Nordrhein-Westfalen;Landwirtschaftsflächen mit hohem Naturwert;HNV II = sehr hoher Narturwert;2013;4,2
63;NW;Nordrhein-Westfalen;Landwirtschaftsflächen mit hohem Naturwert;HNV II = sehr hoher Narturwert;2014;4,6
63;NW;Nordrhein-Westfalen;Landwirtschaftsflächen mit hohem Naturwert;HNV II = sehr hoher Narturwert;2015;5,0
64;NW;Nordrhein-Westfalen;Landwirtschaftsflächen mit hohem Naturwert;HNV III = mäßig hoher Narturwert;2009;7,6
64;NW;Nordrhein-Westfalen;Landwirtschaftsflächen mit hohem Naturwert;HNV III = mäßig hoher Narturwert;2010;7,2
64;NW;Nordrhein-Westfalen;Landwirtschaftsflächen mit hohem Naturwert;HNV III = mäßig hoher Narturwert;2011;6,7
64;NW;Nordrhein-Westfalen;Landwirtschaftsflächen mit hohem Naturwert;HNV III = mäßig hoher Narturwert;2012;6,5
64;NW;Nordrhein-Westfalen;Landwirtschaftsflächen mit hohem Naturwert;HNV III = mäßig hoher Narturwert;2013;6,5
64;NW;Nordrhein-Westfalen;Landwirtschaftsflächen mit hohem Naturwert;HNV III = mäßig hoher Narturwert;2014;6,1
64;NW;Nordrhein-Westfalen;Landwirtschaftsflächen mit hohem Naturwert;HNV III = mäßig hoher Narturwert;2015;5,9
67;NW;Nordrhein-Westfalen;Nitratkonzentration im Grundwasser;Nitratkonzentration im Grundwasser - Daten;1990;22,22222222
67;NW;Nordrhein-Westfalen;Nitratkonzentration im Grundwasser;Nitratkonzentration im Grundwasser - Daten;1991;25,77319588
67;NW;Nordrhein-Westfalen;Nitratkonzentration im Grundwasser;Nitratkonzentration im Grundwasser - Daten;1992;25,49019608
67;NW;Nordrhein-Westfalen;Nitratkonzentration im Grundwasser;Nitratkonzentration im Grundwasser - Daten;1993;25
67;NW;Nordrhein-Westfalen;Nitratkonzentration im Grundwasser;Nitratkonzentration im Grundwasser - Daten;1994;21,15384615
67;NW;Nordrhein-Westfalen;Nitratkonzentration im Grundwasser;Nitratkonzentration im Grundwasser - Daten;1995;21,3592233
67;NW;Nordrhein-Westfalen;Nitratkonzentration im Grundwasser;Nitratkonzentration im Grundwasser - Daten;1996;18,18181818
67;NW;Nordrhein-Westfalen;Nitratkonzentration im Grundwasser;Nitratkonzentration im Grundwasser - Daten;1997;19,64285714
67;NW;Nordrhein-Westfalen;Nitratkonzentration im Grundwasser;Nitratkonzentration im Grundwasser - Daten;1998;19,44444444
67;NW;Nordrhein-Westfalen;Nitratkonzentration im Grundwasser;Nitratkonzentration im Grundwasser - Daten;1999;17,47572816
67;NW;Nordrhein-Westfalen;Nitratkonzentration im Grundwasser;Nitratkonzentration im Grundwasser - Daten;2000;20,72072072
67;NW;Nordrhein-Westfalen;Nitratkonzentration im Grundwasser;Nitratkonzentration im Grundwasser - Daten;2001;20
67;NW;Nordrhein-Westfalen;Nitratkonzentration im Grundwasser;Nitratkonzentration im Grundwasser - Daten;2002;24,52830189
67;NW;Nordrhein-Westfalen;Nitratkonzentration im Grundwasser;Nitratkonzentration im Grundwasser - Daten;2003;20,79207921
67;NW;Nordrhein-Westfalen;Nitratkonzentration im Grundwasser;Nitratkonzentration im Grundwasser - Daten;2004;20,58823529
67;NW;Nordrhein-Westfalen;Nitratkonzentration im Grundwasser;Nitratkonzentration im Grundwasser - Daten;2005;20,53571429
67;NW;Nordrhein-Westfalen;Nitratkonzentration im Grundwasser;Nitratkonzentration im Grundwasser - Daten;2006;21,3592233
67;NW;Nordrhein-Westfalen;Nitratkonzentration im Grundwasser;Nitratkonzentration im Grundwasser - Daten;2007;21,05263158
67;NW;Nordrhein-Westfalen;Nitratkonzentration im Grundwasser;Nitratkonzentration im Grundwasser - Daten;2008;22,12389381
67;NW;Nordrhein-Westfalen;Nitratkonzentration im Grundwasser;Nitratkonzentration im Grundwasser - Daten;2009;17,82178218
67;NW;Nordrhein-Westfalen;Nitratkonzentration im Grundwasser;Nitratkonzentration im Grundwasser - Daten;2010;21,4953271
67;NW;Nordrhein-Westfalen;Nitratkonzentration im Grundwasser;Nitratkonzentration im Grundwasser - Daten;2011;16,81415929
67;NW;Nordrhein-Westfalen;Nitratkonzentration im Grundwasser;Nitratkonzentration im Grundwasser - Daten;2012;20
67;NW;Nordrhein-Westfalen;Nitratkonzentration im Grundwasser;Nitratkonzentration im Grundwasser - Daten;2013;16,07142857
67;NW;Nordrhein-Westfalen;Nitratkonzentration im Grundwasser;Nitratkonzentration im Grundwasser - Daten;2014;16,66666667
67;NW;Nordrhein-Westfalen;Nitratkonzentration im Grundwasser;Nitratkonzentration im Grundwasser - Daten;2015;17,30769231
67;NW;Nordrhein-Westfalen;Nitratkonzentration im Grundwasser;Nitratkonzentration im Grundwasser - Daten;2016;20,40816327
68;NW;Nordrhein-Westfalen;Nitratkonzentration im Grundwasser;Nitratkonzentration im Grundwasser - Trend;2007;20,57
68;NW;Nordrhein-Westfalen;Nitratkonzentration im Grundwasser;Nitratkonzentration im Grundwasser - Trend;2008;20,215555555556
68;NW;Nordrhein-Westfalen;Nitratkonzentration im Grundwasser;Nitratkonzentration im Grundwasser - Trend;2009;19,861111111111
68;NW;Nordrhein-Westfalen;Nitratkonzentration im Grundwasser;Nitratkonzentration im Grundwasser - Trend;2010;19,506666666667
68;NW;Nordrhein-Westfalen;Nitratkonzentration im Grundwasser;Nitratkonzentration im Grundwasser - Trend;2011;19,152222222222
68;NW;Nordrhein-Westfalen;Nitratkonzentration im Grundwasser;Nitratkonzentration im Grundwasser - Trend;2012;18,797777777778
68;NW;Nordrhein-Westfalen;Nitratkonzentration im Grundwasser;Nitratkonzentration im Grundwasser - Trend;2013;18,443333333333
68;NW;Nordrhein-Westfalen;Nitratkonzentration im Grundwasser;Nitratkonzentration im Grundwasser - Trend;2014;18,088888888889
68;NW;Nordrhein-Westfalen;Nitratkonzentration im Grundwasser;Nitratkonzentration im Grundwasser - Trend;2015;17,734444444444
68;NW;Nordrhein-Westfalen;Nitratkonzentration im Grundwasser;Nitratkonzentration im Grundwasser - Trend;2016;17,38
76;NW;Nordrhein-Westfalen;Stickstoff-Flächenbilanz (Stickstoff-Überschuss der landwirtschaftlich genutzten Fläche);Stickstoff-Überschuss - Trend;2004;82,72
76;NW;Nordrhein-Westfalen;Stickstoff-Flächenbilanz (Stickstoff-Überschuss der landwirtschaftlich genutzten Fläche);Stickstoff-Überschuss - Trend;2005;83,21
76;NW;Nordrhein-Westfalen;Stickstoff-Flächenbilanz (Stickstoff-Überschuss der landwirtschaftlich genutzten Fläche);Stickstoff-Überschuss - Trend;2006;83,7
76;NW;Nordrhein-Westfalen;Stickstoff-Flächenbilanz (Stickstoff-Überschuss der landwirtschaftlich genutzten Fläche);Stickstoff-Überschuss - Trend;2007;84,19
76;NW;Nordrhein-Westfalen;Stickstoff-Flächenbilanz (Stickstoff-Überschuss der landwirtschaftlich genutzten Fläche);Stickstoff-Überschuss - Trend;2008;84,68
76;NW;Nordrhein-Westfalen;Stickstoff-Flächenbilanz (Stickstoff-Überschuss der landwirtschaftlich genutzten Fläche);Stickstoff-Überschuss - Trend;2009;85,17
76;NW;Nordrhein-Westfalen;Stickstoff-Flächenbilanz (Stickstoff-Überschuss der landwirtschaftlich genutzten Fläche);Stickstoff-Überschuss - Trend;2010;85,66
76;NW;Nordrhein-Westfalen;Stickstoff-Flächenbilanz (Stickstoff-Überschuss der landwirtschaftlich genutzten Fläche);Stickstoff-Überschuss - Trend;2011;86,15
76;NW;Nordrhein-Westfalen;Stickstoff-Flächenbilanz (Stickstoff-Überschuss der landwirtschaftlich genutzten Fläche);Stickstoff-Überschuss - Trend;2012;86,64
76;NW;Nordrhein-Westfalen;Stickstoff-Flächenbilanz (Stickstoff-Überschuss der landwirtschaftlich genutzten Fläche);Stickstoff-Überschuss - Trend;2013;87,13
77;NW;Nordrhein-Westfalen;Stickstoff-Flächenbilanz (Stickstoff-Überschuss der landwirtschaftlich genutzten Fläche);Stickstoff Flächenbilanz, gleitendes 3 Jahresmittel;2004;93,8
77;NW;Nordrhein-Westfalen;Stickstoff-Flächenbilanz (Stickstoff-Überschuss der landwirtschaftlich genutzten Fläche);Stickstoff Flächenbilanz, gleitendes 3 Jahresmittel;2005;86,7
77;NW;Nordrhein-Westfalen;Stickstoff-Flächenbilanz (Stickstoff-Überschuss der landwirtschaftlich genutzten Fläche);Stickstoff Flächenbilanz, gleitendes 3 Jahresmittel;2006;85,5
77;NW;Nordrhein-Westfalen;Stickstoff-Flächenbilanz (Stickstoff-Überschuss der landwirtschaftlich genutzten Fläche);Stickstoff Flächenbilanz, gleitendes 3 Jahresmittel;2007;86,0
77;NW;Nordrhein-Westfalen;Stickstoff-Flächenbilanz (Stickstoff-Überschuss der landwirtschaftlich genutzten Fläche);Stickstoff Flächenbilanz, gleitendes 3 Jahresmittel;2008;77,7
77;NW;Nordrhein-Westfalen;Stickstoff-Flächenbilanz (Stickstoff-Überschuss der landwirtschaftlich genutzten Fläche);Stickstoff Flächenbilanz, gleitendes 3 Jahresmittel;2009;79,6
77;NW;Nordrhein-Westfalen;Stickstoff-Flächenbilanz (Stickstoff-Überschuss der landwirtschaftlich genutzten Fläche);Stickstoff Flächenbilanz, gleitendes 3 Jahresmittel;2010;84,1
77;NW;Nordrhein-Westfalen;Stickstoff-Flächenbilanz (Stickstoff-Überschuss der landwirtschaftlich genutzten Fläche);Stickstoff Flächenbilanz, gleitendes 3 Jahresmittel;2011;89,6
77;NW;Nordrhein-Westfalen;Stickstoff-Flächenbilanz (Stickstoff-Überschuss der landwirtschaftlich genutzten Fläche);Stickstoff Flächenbilanz, gleitendes 3 Jahresmittel;2012;91,5
77;NW;Nordrhein-Westfalen;Stickstoff-Flächenbilanz (Stickstoff-Überschuss der landwirtschaftlich genutzten Fläche);Stickstoff Flächenbilanz, gleitendes 3 Jahresmittel;2013;89,3
83;NW;Nordrhein-Westfalen;Ökologischer Zustand der oberirdischen Fließgewässer;Zustand Fließgewässer - Ringgrafiken;Natürliche Wasserkörper<br>Gewässerlänge gesamt;44
83;NW;Nordrhein-Westfalen;Ökologischer Zustand der oberirdischen Fließgewässer;Zustand Fließgewässer - Ringgrafiken;Künstliche Wasserkörper / <br>erheblich veränderte Wasserkörper<br>Gewässerlänge gesamt;56
83;NW;Nordrhein-Westfalen;Ökologischer Zustand der oberirdischen Fließgewässer;Zustand Fließgewässer - Ringgrafiken;Natürliche Wasserkörper<br>Zustand sehr gut bis gut;6,4
83;NW;Nordrhein-Westfalen;Ökologischer Zustand der oberirdischen Fließgewässer;Zustand Fließgewässer - Ringgrafiken;künstliche Wasserkörper /<br>erheblich veränderte Wasserkörper<br>
Zustand sehr gut bis gut;1,0
